"typeID","date","typeName","groupName","categoryName","price"
19422,2013-08-27,"10th Tier Overseer's Personal Effects","Overseer Personal Effects","Commodity",2970002.69
19409,2013-08-27,"11th Tier Overseer's Personal Effects","Overseer Personal Effects","Commodity",5580000.89
19410,2013-08-27,"12th Tier Overseer's Personal Effects","Overseer Personal Effects","Commodity",8550000.89
19411,2013-08-27,"13th Tier Overseer's Personal Effects","Overseer Personal Effects","Commodity",10800000.89
19412,2013-08-27,"14th Tier Overseer's Personal Effects","Overseer Personal Effects","Commodity",14400000.89
19413,2013-08-27,"15th Tier Overseer's Personal Effects","Overseer Personal Effects","Commodity",0
19414,2013-08-27,"16th Tier Overseer's Personal Effects","Overseer Personal Effects","Commodity",28260000
19415,2013-08-27,"17th Tier Overseer's Personal Effects","Overseer Personal Effects","Commodity",30600000.89
19416,2013-08-27,"18th Tier Overseer's Personal Effects","Overseer Personal Effects","Commodity",36549010.79
19417,2013-08-27,"19th Tier Overseer's Personal Effects","Overseer Personal Effects","Commodity",41114737.8
19400,2013-08-27,"1st Tier Overseer's Personal Effects","Overseer Personal Effects","Commodity",9000.89
19418,2013-08-27,"20th Tier Overseer's Personal Effects","Overseer Personal Effects","Commodity",52380113.39
19419,2013-08-27,"21st Tier Overseer's Personal Effects","Overseer Personal Effects","Commodity",68400011.69
19420,2013-08-27,"22nd Tier Overseer's Personal Effects","Overseer Personal Effects","Commodity",86852021.39
19421,2013-08-27,"23rd Tier Overseer's Personal Effects","Overseer Personal Effects","Commodity",111607335.89
19401,2013-08-27,"2nd Tier Overseer's Personal Effects","Overseer Personal Effects","Commodity",0
19402,2013-08-27,"3rd Tier Overseer's Personal Effects","Overseer Personal Effects","Commodity",31500.89
19403,2013-08-27,"4th Tier Overseer's Personal Effects","Overseer Personal Effects","Commodity",54000
19404,2013-08-27,"5th Tier Overseer's Personal Effects","Overseer Personal Effects","Commodity",135000.89
19405,2013-08-27,"6th Tier Overseer's Personal Effects","Overseer Personal Effects","Commodity",306000.89
19406,2013-08-27,"7th Tier Overseer's Personal Effects","Overseer Personal Effects","Commodity",504000.89
19407,2013-08-27,"8th Tier Overseer's Personal Effects","Overseer Personal Effects","Commodity",1053000.89
19408,2013-08-27,"9th Tier Overseer's Personal Effects","Overseer Personal Effects","Commodity",1800000.89
17754,2013-08-27,"Activists","Livestock","Commodity",0
17300,2013-08-27,"Ahremen Arkah's Tag","Criminal Tags","Commodity",28193.38
25595,2013-08-27,"Alloyed Tritanium Bar","Salvaged Materials","Material",40953.6
15980,2013-08-27,"Amarr Empire Slave Trader Insignia","Empire Insignia Drops","Commodity",153920.59
24592,2013-08-27,"Amarr Empire Starbase Charter","Lease","Commodity",902.7
4247,2013-08-27,"Amarr Fuel Block","Fuel Block","Material",12626.86
30382,2013-08-27,"Amarr Hybrid Tech Decryptor","Decryptors - Hybrid","Decryptors",72027.13
17794,2013-08-27,"Amarr KIU-1 Nexus Chip","Miscellaneous","Commodity",1710000.02
17795,2013-08-27,"Amarr MIY-1 Nexus Chip","Miscellaneous","Commodity",405000
17793,2013-08-27,"Amarr TIL-1 Nexus Chip","Miscellaneous","Commodity",6390000
17424,2013-08-27,"Amarrian Wheat","Miscellaneous","Commodity",1260
25268,2013-08-27,"Amber Cytoserocin","Harvestable Cloud","Celestial",64349.23
28694,2013-08-27,"Amber Mykoserocin","Harvestable Cloud","Celestial",2701.66
24597,2013-08-27,"Ammatar Mandate Starbase Charter","Lease","Commodity",2309.11
15622,2013-08-27,"Ammatar Navy Captain Insignia I","Empire Insignia Drops","Commodity",18908.73
17999,2013-08-27,"Ammatar Navy Colonel Insignia I","Empire Insignia Drops","Commodity",412920
15671,2013-08-27,"Ammatar Navy Colonel Insignia II","Empire Insignia Drops","Commodity",0
15643,2013-08-27,"Ammatar Navy Fleet Commander Insignia","Empire Insignia Drops","Commodity",1809000
15623,2013-08-27,"Ammatar Navy Major Insignia I","Empire Insignia Drops","Commodity",32490.01
15672,2013-08-27,"Ammatar Navy Major Insignia II","Empire Insignia Drops","Commodity",52020.01
15617,2013-08-27,"Ammatar Navy Midshipman Insignia I","Empire Insignia Drops","Commodity",0
15618,2013-08-27,"Ammatar Navy Midshipman Insignia II","Empire Insignia Drops","Commodity",2885.24
15619,2013-08-27,"Ammatar Navy Midshipman Insignia III","Empire Insignia Drops","Commodity",0
15641,2013-08-27,"Ammatar Navy Raid Leader Insignia","Empire Insignia Drops","Commodity",0
15642,2013-08-27,"Ammatar Navy Sergeant Elite Insignia","Empire Insignia Drops","Commodity",10980
15620,2013-08-27,"Ammatar Navy Sergeant Insignia I","Empire Insignia Drops","Commodity",0
15993,2013-08-27,"Ammatar Navy Sergeant Insignia II","Empire Insignia Drops","Commodity",0
16001,2013-08-27,"Ammatar Navy Sergeant Insignia III","Empire Insignia Drops","Commodity",8610.01
15621,2013-08-27,"Ammatar Navy Sergeant Major Insignia I","Empire Insignia Drops","Commodity",4500.15
15640,2013-08-27,"Ammatar Navy Squad Leader Insignia","Empire Insignia Drops","Commodity",0
15979,2013-08-27,"Ammatar Slave Trader Insignia","Empire Insignia Drops","Commodity",210171.69
23162,2013-08-27,"Analog Panel","Materials and Compounds","Commodity",12240
30746,2013-08-27,"Ancient Coordinates Database","Sleeper Components","Commodity",1337018.4
21729,2013-08-27,"Angel Advanced Trigger Mechanism","Artifacts and Prototypes","Commodity",1134002.61
12529,2013-08-27,"Angel Brass Tag","Criminal Tags","Commodity",5989500.01
17190,2013-08-27,"Angel Bronze Tag","Criminal Tags","Commodity",46800.02
12304,2013-08-27,"Angel Copper Tag","Criminal Tags","Commodity",675000
12531,2013-08-27,"Angel Crystal Tag","Criminal Tags","Commodity",1305.92
17192,2013-08-27,"Angel Diamond Tag","Criminal Tags","Commodity",2070.2
21733,2013-08-27,"Angel Dynamic Calibrator","Artifacts and Prototypes","Commodity",0
17199,2013-08-27,"Angel Electrum Tag","Criminal Tags","Commodity",3601.93
17194,2013-08-27,"Angel Gold Tag","Criminal Tags","Commodity",233100.01
12530,2013-08-27,"Angel Palladium Tag","Criminal Tags","Commodity",9900
17196,2013-08-27,"Angel Platinum Tag","Criminal Tags","Commodity",4500.42
12528,2013-08-27,"Angel Silver Tag","Criminal Tags","Commodity",117090.9
21731,2013-08-27,"Angel Simple Trigger Mechanism","Artifacts and Prototypes","Commodity",0
21732,2013-08-27,"Angel Spatial Analyzer","Artifacts and Prototypes","Commodity",833670.14
21730,2013-08-27,"Angel Standard Trigger Mechanism","Artifacts and Prototypes","Commodity",2817900
43,2013-08-27,"Antibiotics","General","Commodity",286.32
11549,2013-08-27,"Antimatter Reactor Unit","Construction Components","Commodity",63990.2
22,2013-08-27,"Arkonor","Arkonor","Asteroid",3240.05
21590,2013-08-27,"Armor Blocks","Materials and Compounds","Commodity",31501.96
25605,2013-08-27,"Armor Plates","Salvaged Materials","Material",156609.12
25616,2013-08-27,"Artificial Neural Network","Salvaged Materials","Material",1622.7
16634,2013-08-27,"Atmospheric Gases","Moon Materials","Material",128.7
19463,2013-08-27,"Autrech Voucher","Miscellaneous","Commodity",9000215.26
23159,2013-08-27,"Auxiliary Parts","Materials and Compounds","Commodity",901.8
25279,2013-08-27,"Azure Cytoserocin","Harvestable Cloud","Celestial",41403.74
28695,2013-08-27,"Azure Mykoserocin","Harvestable Cloud","Celestial",7653.7
17455,2013-08-27,"Azure Plagioclase","Plagioclase","Asteroid",46.4
2393,2013-08-27,"Bacteria","Basic Commodities","Planetary Commodities",98.17
2329,2013-08-27,"Biocells","Refined Commodities","Planetary Commodities",5040.28
2396,2013-08-27,"Biofuels","Basic Commodities","Planetary Commodities",105.31
3779,2013-08-27,"Biomass","Basic Commodities","Planetary Commodities",451.12
2358,2013-08-27,"Biotech Research Reports","Specialized Commodities","Planetary Commodities",59400.47
1223,2013-08-27,"Bistot","Bistot","Asteroid",2970
19461,2013-08-27,"Blaque Voucher","Miscellaneous","Commodity",159196.48
17204,2013-08-27,"Blood Brass Tag","Criminal Tags","Commodity",343800.23
12532,2013-08-27,"Blood Bronze Tag","Criminal Tags","Commodity",3055590.92
17200,2013-08-27,"Blood Copper Tag","Criminal Tags","Commodity",594000.94
12536,2013-08-27,"Blood Crystal Tag","Criminal Tags","Commodity",538646.34
17201,2013-08-27,"Blood Diamond Tag","Criminal Tags","Commodity",3604.53
17203,2013-08-27,"Blood Electrum Tag","Criminal Tags","Commodity",59490.16
25239,2013-08-27,"Blood Gold Tag","Criminal Tags","Commodity",4592700.04
17202,2013-08-27,"Blood Palladium Tag","Criminal Tags","Commodity",28800.96
12535,2013-08-27,"Blood Platinum Tag","Criminal Tags","Commodity",378090.91
23150,2013-08-27,"Blood Raider Extreme Ballistic Control","Artifacts and Prototypes","Commodity",19800000.01
23148,2013-08-27,"Blood Raider Limited Ballistic Control","Artifacts and Prototypes","Commodity",180000
23152,2013-08-27,"Blood Raider Power Redistributor","Artifacts and Prototypes","Commodity",0
23149,2013-08-27,"Blood Raider Regular Ballistic Control","Artifacts and Prototypes","Commodity",15570000
23151,2013-08-27,"Blood Raider Weapon Integration Unit","Artifacts and Prototypes","Commodity",33416.1
12533,2013-08-27,"Blood Silver Tag","Criminal Tags","Commodity",459090.92
12534,2013-08-27,"Blood Upper-Tier Tag","Criminal Tags","Commodity",9900.25
16264,2013-08-27,"Blue Ice","Ice","Asteroid",176491.81
3707,2013-08-27,"Blue Pill","Drugs","Commodity",179.69
17466,2013-08-27,"Bright Spodumain","Spodumain","Asteroid",1800.1
2867,2013-08-27,"Broadcast Node","Advanced Commodities","Planetary Commodities",1350314.85
17290,2013-08-27,"Brokara Ryver's Tag","Criminal Tags","Commodity",0
2375,2013-08-27,"Broken Broadcast Node","Miscellaneous","Commodity",23400.02
25596,2013-08-27,"Broken Drone Transceiver","Salvaged Materials","Material",183.63
2376,2013-08-27,"Broken Integrity Response Drones","Miscellaneous","Commodity",23400.13
2371,2013-08-27,"Broken Nano-Factory","Miscellaneous","Commodity",23400.01
2368,2013-08-27,"Broken Organic Mortar Applicators","Miscellaneous","Commodity",23400.17
2374,2013-08-27,"Broken Recursive Computing Module","Miscellaneous","Commodity",36000.02
2373,2013-08-27,"Broken Self-Harmonizing Power Core","Miscellaneous","Commodity",23400
2369,2013-08-27,"Broken Sterile Conduits","Miscellaneous","Commodity",23400.15
2377,2013-08-27,"Broken Wetware Mainframe","Miscellaneous","Commodity",23400.12
17294,2013-08-27,"Brynn Jerdola's Tag","Criminal Tags","Commodity",90997.18
25600,2013-08-27,"Burned Logic Circuit","Salvaged Materials","Material",26910.07
30311,2013-08-27,"C3-FTM Acid","Hybrid Polymers","Material",2705400.02
16122,2013-08-27,"CONCORD Captain Emblem","Empire Insignia Drops","Commodity",72000.55
16124,2013-08-27,"CONCORD Colonel Emblem","Empire Insignia Drops","Commodity",630368.04
16125,2013-08-27,"CONCORD General Emblem","Empire Insignia Drops","Commodity",1305019.3
16118,2013-08-27,"CONCORD Officer Emblem","Empire Insignia Drops","Commodity",10800.23
16121,2013-08-27,"CONCORD Panther Emblem","Empire Insignia Drops","Commodity",38705.88
16120,2013-08-27,"CONCORD Piranha Emblem","Empire Insignia Drops","Commodity",16200.3
16123,2013-08-27,"CONCORD Raptor Emblem","Empire Insignia Drops","Commodity",136800.14
16119,2013-08-27,"CONCORD Soldier Emblem","Empire Insignia Drops","Commodity",8100.01
16617,2013-08-27,"CONCORD Star Emblem","Empire Insignia Drops","Commodity",0
16643,2013-08-27,"Cadmium","Moon Materials","Material",4355.44
16663,2013-08-27,"Caesarium Cadmide","Intermediate Materials","Material",5019.4
16647,2013-08-27,"Caesium","Moon Materials","Material",3927.02
17643,2013-08-27,"Caldari AZ-1 Nexus Chip","Miscellaneous","Commodity",8064000
17647,2013-08-27,"Caldari BY-1 Nexus Chip","Miscellaneous","Commodity",504000.9
17646,2013-08-27,"Caldari CU-1 Nexus Chip","Miscellaneous","Commodity",1710009.9
4051,2013-08-27,"Caldari Fuel Block","Fuel Block","Material",13503.65
30383,2013-08-27,"Caldari Hybrid Tech Decryptor","Decryptors - Hybrid","Decryptors",2250731.23
15604,2013-08-27,"Caldari Navy Admiral Insignia I","Empire Insignia Drops","Commodity",2070000
15653,2013-08-27,"Caldari Navy Captain Elite Insignia","Empire Insignia Drops","Commodity",0
15599,2013-08-27,"Caldari Navy Captain Insignia I","Empire Insignia Drops","Commodity",17370
15600,2013-08-27,"Caldari Navy Captain Insignia II","Empire Insignia Drops","Commodity",37818.09
15601,2013-08-27,"Caldari Navy Captain Insignia III","Empire Insignia Drops","Commodity",2475000.89
15996,2013-08-27,"Caldari Navy Captain Insignia IV","Empire Insignia Drops","Commodity",17010.03
15999,2013-08-27,"Caldari Navy Captain Insignia V","Empire Insignia Drops","Commodity",38250
15602,2013-08-27,"Caldari Navy Commodore Insignia I","Empire Insignia Drops","Commodity",49051.65
15656,2013-08-27,"Caldari Navy Commodore Insignia II","Empire Insignia Drops","Commodity",80735.49
15657,2013-08-27,"Caldari Navy Fleet Commander Insignia","Empire Insignia Drops","Commodity",0
28237,2013-08-27,"Caldari Navy Fleet Rear-Admiral Insignia","Empire Insignia Drops","Commodity",180000.21
15596,2013-08-27,"Caldari Navy Midshipman Insignia I","Empire Insignia Drops","Commodity",3780
15597,2013-08-27,"Caldari Navy Midshipman Insignia II","Empire Insignia Drops","Commodity",2999.7
15598,2013-08-27,"Caldari Navy Midshipman Insignia III","Empire Insignia Drops","Commodity",10620
15655,2013-08-27,"Caldari Navy Raid Leader Insignia","Empire Insignia Drops","Commodity",0
15654,2013-08-27,"Caldari Navy Squad Leader Insignia","Empire Insignia Drops","Commodity",65348.1
15605,2013-08-27,"Caldari Navy Vice Admiral Insignia I","Empire Insignia Drops","Commodity",2520720.25
24593,2013-08-27,"Caldari State Starbase Charter","Lease","Commodity",2100.8
2345,2013-08-27,"Camera Drones","Specialized Commodities","Planetary Commodities",42400.32
25622,2013-08-27,"Capacitor Console","Salvaged Materials","Material",1755000
29039,2013-08-27,"Capital Antimatter Reactor Unit","Advanced Capital Construction Components","Commodity",630001.85
21017,2013-08-27,"Capital Armor Plates","Capital Construction Components","Commodity",6570906.53
21019,2013-08-27,"Capital Capacitor Battery","Capital Construction Components","Commodity",5706901.39
21027,2013-08-27,"Capital Cargo Bay","Capital Construction Components","Commodity",5940004.12
24547,2013-08-27,"Capital Clone Vat Bay","Capital Construction Components","Commodity",4500000
21035,2013-08-27,"Capital Computer System","Capital Construction Components","Commodity",5401305.05
21037,2013-08-27,"Capital Construction Parts","Capital Construction Components","Commodity",6259999.51
24560,2013-08-27,"Capital Corporate Hangar Bay","Capital Construction Components","Commodity",8775000.02
29041,2013-08-27,"Capital Crystalline Carbonide Armor Plate","Advanced Capital Construction Components","Commodity",323109.09
29043,2013-08-27,"Capital Deflection Shield Emitter","Advanced Capital Construction Components","Commodity",58590
24556,2013-08-27,"Capital Doomsday Weapon Mount","Capital Construction Components","Commodity",11701802.79
21029,2013-08-27,"Capital Drone Bay","Capital Construction Components","Commodity",4698001.48
29047,2013-08-27,"Capital EM Pulse Generator","Advanced Capital Construction Components","Commodity",360090
29045,2013-08-27,"Capital Electrolytic Capacitor Unit","Advanced Capital Construction Components","Commodity",225000
29049,2013-08-27,"Capital Fernite Carbide Composite Armor Plate","Advanced Capital Construction Components","Commodity",360900.01
29051,2013-08-27,"Capital Fusion Reactor Unit","Advanced Capital Construction Components","Commodity",0
29053,2013-08-27,"Capital Fusion Thruster","Advanced Capital Construction Components","Commodity",139520.71
29055,2013-08-27,"Capital Gravimetric Sensor Cluster","Advanced Capital Construction Components","Commodity",0
29057,2013-08-27,"Capital Graviton Pulse Generator","Advanced Capital Construction Components","Commodity",90000
29059,2013-08-27,"Capital Graviton Reactor Unit","Advanced Capital Construction Components","Commodity",495900.93
29061,2013-08-27,"Capital Ion Thruster","Advanced Capital Construction Components","Commodity",0
24545,2013-08-27,"Capital Jump Bridge Array","Capital Construction Components","Commodity",7740000.81
21025,2013-08-27,"Capital Jump Drive","Capital Construction Components","Commodity",9450900.32
29065,2013-08-27,"Capital Ladar Sensor Cluster","Advanced Capital Construction Components","Commodity",90000
29063,2013-08-27,"Capital Laser Focusing Crystals","Advanced Capital Construction Components","Commodity",0
21041,2013-08-27,"Capital Launcher Hardpoint","Capital Construction Components","Commodity",3690009
29067,2013-08-27,"Capital Linear Shield Emitter","Advanced Capital Construction Components","Commodity",0
29069,2013-08-27,"Capital Magnetometric Sensor Cluster","Advanced Capital Construction Components","Commodity",0
29071,2013-08-27,"Capital Magpulse Thruster","Advanced Capital Construction Components","Commodity",0
29073,2013-08-27,"Capital Nanoelectrical Microprocessor","Advanced Capital Construction Components","Commodity",90001.56
29075,2013-08-27,"Capital Nanomechanical Microprocessor","Advanced Capital Construction Components","Commodity",180090.01
29077,2013-08-27,"Capital Nuclear Pulse Generator","Advanced Capital Construction Components","Commodity",0
29079,2013-08-27,"Capital Nuclear Reactor Unit","Advanced Capital Construction Components","Commodity",0
29081,2013-08-27,"Capital Oscillator Capacitor Unit","Advanced Capital Construction Components","Commodity",495006.37
29083,2013-08-27,"Capital Particle Accelerator Unit","Advanced Capital Construction Components","Commodity",0
29085,2013-08-27,"Capital Photon Microprocessor","Advanced Capital Construction Components","Commodity",172800.04
29087,2013-08-27,"Capital Plasma Pulse Generator","Advanced Capital Construction Components","Commodity",0
29089,2013-08-27,"Capital Plasma Thruster","Advanced Capital Construction Components","Commodity",180000.01
21021,2013-08-27,"Capital Power Generator","Capital Construction Components","Commodity",4680000.04
21009,2013-08-27,"Capital Propulsion Engine","Capital Construction Components","Commodity",6030000.11
29091,2013-08-27,"Capital Pulse Shield Emitter","Advanced Capital Construction Components","Commodity",180901.04
29093,2013-08-27,"Capital Quantum Microprocessor","Advanced Capital Construction Components","Commodity",226800.82
29095,2013-08-27,"Capital Radar Sensor Cluster","Advanced Capital Construction Components","Commodity",144000.2
29097,2013-08-27,"Capital Scalar Capacitor Unit","Advanced Capital Construction Components","Commodity",0
21013,2013-08-27,"Capital Sensor Cluster","Capital Construction Components","Commodity",5472910.47
21023,2013-08-27,"Capital Shield Emitter","Capital Construction Components","Commodity",6480091.88
24558,2013-08-27,"Capital Ship Maintenance Bay","Capital Construction Components","Commodity",8820000
21039,2013-08-27,"Capital Siege Array","Capital Construction Components","Commodity",6480000.13
29099,2013-08-27,"Capital Superconductor Rails","Advanced Capital Construction Components","Commodity",180007.2
29101,2013-08-27,"Capital Sustained Shield Emitter","Advanced Capital Construction Components","Commodity",315000.03
29103,2013-08-27,"Capital Tesseract Capacitor Unit","Advanced Capital Construction Components","Commodity",549000.73
29105,2013-08-27,"Capital Thermonuclear Trigger Unit","Advanced Capital Construction Components","Commodity",270000
29107,2013-08-27,"Capital Titanium Diborite Armor Plate","Advanced Capital Construction Components","Commodity",495000.02
29109,2013-08-27,"Capital Tungsten Carbide Armor Plate","Advanced Capital Construction Components","Commodity",0
21011,2013-08-27,"Capital Turret Hardpoint","Capital Construction Components","Commodity",6570000
9826,2013-08-27,"Carbon","General","Commodity",225
16659,2013-08-27,"Carbon Polymers","Intermediate Materials","Material",684.11
30310,2013-08-27,"Carbon-86 Epoxy Resin","Hybrid Polymers","Material",1080001.85
30024,2013-08-27,"Cartesian Temporal Coordinator","Ancient Salvage","Material",549
25275,2013-08-27,"Celadon Cytoserocin","Harvestable Cloud","Celestial",76602.99
28696,2013-08-27,"Celadon Mykoserocin","Harvestable Cloud","Celestial",8746.17
30270,2013-08-27,"Central System Controller","Ancient Salvage","Material",315.9
16660,2013-08-27,"Ceramic Powder","Intermediate Materials","Material",1417.88
25599,2013-08-27,"Charred Micro Circuit","Salvaged Materials","Material",180.95
17287,2013-08-27,"Chelm Soran's Tag","Criminal Tags","Commodity",0
2401,2013-08-27,"Chiral Structures","Basic Commodities","Planetary Commodities",567.99
16641,2013-08-27,"Chromium","Moon Materials","Material",2804.45
16262,2013-08-27,"Clear Icicle","Ice","Asteroid",163351.18
33141,2013-08-27,"Clone Soldier Negotiator Tag","Security Tags","Commodity",31518000
33139,2013-08-27,"Clone Soldier Recruiter Tag","Security Tags","Commodity",6210903.89
33138,2013-08-27,"Clone Soldier Trainer Tag","Security Tags","Commodity",1687500.01
33140,2013-08-27,"Clone Soldier Transporter Tag","Security Tags","Commodity",34667100.45
16640,2013-08-27,"Cobalt","Moon Materials","Material",938.71
28367,2013-08-27,"Compressed Arkonor","Arkonor","Asteroid",2952900.13
28421,2013-08-27,"Compressed Azure Plagioclase","Plagioclase","Asteroid",2341805.44
28388,2013-08-27,"Compressed Bistot","Bistot","Asteroid",2970000
28433,2013-08-27,"Compressed Blue Ice","Ice","Asteroid",100800.68
28418,2013-08-27,"Compressed Bright Spodumain","Spodumain","Asteroid",7200000
28434,2013-08-27,"Compressed Clear Icicle","Ice","Asteroid",4868.54
28430,2013-08-27,"Compressed Concentrated Veldspar","Veldspar","Asteroid",2700000.01
28427,2013-08-27,"Compressed Condensed Scordite","Scordite","Asteroid",2700000.01
28385,2013-08-27,"Compressed Crimson Arkonor","Arkonor","Asteroid",4500000.91
28391,2013-08-27,"Compressed Crokite","Crokite","Asteroid",3375000
28392,2013-08-27,"Compressed Crystalline Crokite","Crokite","Asteroid",4500002.7
28435,2013-08-27,"Compressed Dark Glitter","Ice","Asteroid",540000.14
28394,2013-08-27,"Compressed Dark Ochre","Dark Ochre","Asteroid",2466000.09
28431,2013-08-27,"Compressed Dense Veldspar","Veldspar","Asteroid",2623500.04
28436,2013-08-27,"Compressed Enriched Clear Icicle","Ice","Asteroid",9001.87
28409,2013-08-27,"Compressed Fiery Kernite","Kernite","Asteroid",3151800.01
28437,2013-08-27,"Compressed Gelidus","Ice","Asteroid",225000.08
28438,2013-08-27,"Compressed Glacial Mass","Ice","Asteroid",2700
28439,2013-08-27,"Compressed Glare Crust","Ice","Asteroid",333905.61
28400,2013-08-27,"Compressed Glazed Hedbergite","Hedbergite","Asteroid",0
28419,2013-08-27,"Compressed Gleaming Spodumain","Spodumain","Asteroid",3870000
28397,2013-08-27,"Compressed Gneiss","Gneiss","Asteroid",1890005.48
28415,2013-08-27,"Compressed Golden Omber","Omber","Asteroid",2531701.05
28401,2013-08-27,"Compressed Hedbergite","Hedbergite","Asteroid",2790000
28403,2013-08-27,"Compressed Hemorphite","Hemorphite","Asteroid",2880000.02
28398,2013-08-27,"Compressed Iridescent Gneiss","Gneiss","Asteroid",14400000.9
28406,2013-08-27,"Compressed Jaspet","Jaspet","Asteroid",2565000
28410,2013-08-27,"Compressed Kernite","Kernite","Asteroid",1440000.02
28440,2013-08-27,"Compressed Krystallos","Ice","Asteroid",135000
28411,2013-08-27,"Compressed Luminous Kernite","Kernite","Asteroid",8091000
28412,2013-08-27,"Compressed Magma Mercoxit","Mercoxit","Asteroid",8100000.01
28428,2013-08-27,"Compressed Massive Scordite","Scordite","Asteroid",2970000.09
28413,2013-08-27,"Compressed Mercoxit","Mercoxit","Asteroid",5850900.93
28389,2013-08-27,"Compressed Monoclinic Bistot","Bistot","Asteroid",2340000
28395,2013-08-27,"Compressed Obsidian Ochre","Dark Ochre","Asteroid",0
28416,2013-08-27,"Compressed Omber","Omber","Asteroid",1575000
28396,2013-08-27,"Compressed Onyx Ochre","Dark Ochre","Asteroid",0
28422,2013-08-27,"Compressed Plagioclase","Plagioclase","Asteroid",1351035.98
28387,2013-08-27,"Compressed Prime Arkonor","Arkonor","Asteroid",13500000.9
28399,2013-08-27,"Compressed Prismatic Gneiss","Gneiss","Asteroid",19710000
28407,2013-08-27,"Compressed Pristine Jaspet","Jaspet","Asteroid",3330000
28441,2013-08-27,"Compressed Pristine White Glaze","Ice","Asteroid",252000
28408,2013-08-27,"Compressed Pure Jaspet","Jaspet","Asteroid",3600004.5
28424,2013-08-27,"Compressed Pyroxeres","Pyroxeres","Asteroid",2025000.77
28404,2013-08-27,"Compressed Radiant Hemorphite","Hemorphite","Asteroid",3420000
28423,2013-08-27,"Compressed Rich Plagioclase","Plagioclase","Asteroid",1800000.16
28429,2013-08-27,"Compressed Scordite","Scordite","Asteroid",4050000
28393,2013-08-27,"Compressed Sharp Crokite","Crokite","Asteroid",0
28417,2013-08-27,"Compressed Silvery Omber","Omber","Asteroid",2880003.67
28442,2013-08-27,"Compressed Smooth Glacial Mass","Ice","Asteroid",156733.07
28425,2013-08-27,"Compressed Solid Pyroxeres","Pyroxeres","Asteroid",7844400
28420,2013-08-27,"Compressed Spodumain","Spodumain","Asteroid",2790000
28443,2013-08-27,"Compressed Thick Blue Ice","Ice","Asteroid",207000
28390,2013-08-27,"Compressed Triclinic Bistot","Bistot","Asteroid",4788000.02
28432,2013-08-27,"Compressed Veldspar","Veldspar","Asteroid",3600000
28426,2013-08-27,"Compressed Viscous Pyroxeres","Pyroxeres","Asteroid",3960000.91
28414,2013-08-27,"Compressed Vitreous Mercoxit","Mercoxit","Asteroid",8100000.01
28402,2013-08-27,"Compressed Vitric Hedbergite","Hedbergite","Asteroid",3780000.02
28405,2013-08-27,"Compressed Vivid Hemorphite","Hemorphite","Asteroid",6210
28444,2013-08-27,"Compressed White Glaze","Ice","Asteroid",189000.91
21591,2013-08-27,"Computer Chips","Materials and Compounds","Commodity",9001.89
17470,2013-08-27,"Concentrated Veldspar","Veldspar","Asteroid",13.08
2344,2013-08-27,"Condensates","Specialized Commodities","Planetary Commodities",25020.98
11739,2013-08-27,"Condensed Alloy","Refinables","Commodity",1260
17463,2013-08-27,"Condensed Scordite","Scordite","Asteroid",24.03
25604,2013-08-27,"Conductive Polymer","Salvaged Materials","Material",234.45
25623,2013-08-27,"Conductive Thermoplastic","Salvaged Materials","Material",89103.14
19398,2013-08-27,"Confiscated Viral Agent","Biohazard","Commodity",0
21595,2013-08-27,"Construction Alloy","Materials and Compounds","Commodity",456.29
3828,2013-08-27,"Construction Blocks","Refined Commodities","Planetary Commodities",6061.99
9836,2013-08-27,"Consumer Electronics","Refined Commodities","Planetary Commodities",6662.73
25591,2013-08-27,"Contaminated Lorentz Fluid","Salvaged Materials","Material",196.63
25590,2013-08-27,"Contaminated Nanite Compound","Salvaged Materials","Material",3357.01
9832,2013-08-27,"Coolant","Refined Commodities","Planetary Commodities",6498.29
17291,2013-08-27,"Cormack Vaaja's Tag","Criminal Tags","Commodity",1800000
3705,2013-08-27,"Crash","Drugs","Commodity",179.7
12250,2013-08-27,"Criminal DNA","Miscellaneous","Commodity",11147.17
11069,2013-08-27,"Criminal Dog Tag","Miscellaneous","Commodity",1925.99
17425,2013-08-27,"Crimson Arkonor","Arkonor","Asteroid",4500.27
1225,2013-08-27,"Crokite","Crokite","Asteroid",2880.9
2367,2013-08-27,"Cryoprotectant Solution","Specialized Commodities","Planetary Commodities",34749
21580,2013-08-27,"Cryptic Accelerant","Decryptors - Minmatar","Decryptors",1691190.95
21583,2013-08-27,"Cryptic Attainment","Decryptors - Minmatar","Decryptors",1520114.61
21582,2013-08-27,"Cryptic Augmentation","Decryptors - Minmatar","Decryptors",79389.98
25553,2013-08-27,"Cryptic Data Interface","Data Interfaces","Commodity",432000
33318,2013-08-27,"Cryptic Parity","Decryptors - Minmatar","Decryptors",1269900
21579,2013-08-27,"Cryptic Process","Decryptors - Minmatar","Decryptors",1516596.4
25857,2013-08-27,"Cryptic Ship Data Interface","Data Interfaces","Commodity",5229227.58
21581,2013-08-27,"Cryptic Symmetry","Decryptors - Minmatar","Decryptors",603000.15
26597,2013-08-27,"Cryptic Tuner Data Interface","Data Interfaces","Commodity",90014.51
11741,2013-08-27,"Crystal Compound","Refinables","Commodity",1440
3824,2013-08-27,"Crystal Egg","Drugs","Commodity",98.69
16670,2013-08-27,"Crystalline Carbonide","Composite","Material",121.32
11545,2013-08-27,"Crystalline Carbonide Armor Plate","Construction Components","Commodity",8128.03
17433,2013-08-27,"Crystalline Crokite","Crokite","Asteroid",2619.03
16655,2013-08-27,"Crystallite Alloy","Intermediate Materials","Material",3690.09
23163,2013-08-27,"Current Amplifier","Materials and Compounds","Commodity",1511.16
25611,2013-08-27,"Current Pump","Salvaged Materials","Material",11706.33
13288,2013-08-27,"DNA Sample","Miscellaneous","Commodity",101092.49
3717,2013-08-27,"Dairy Products","Frozen","Commodity",97.36
25597,2013-08-27,"Damaged Artificial Neural Network","Salvaged Materials","Material",676.8
17231,2013-08-27,"Dark Blood Brass Tag","Criminal Tags","Commodity",4590
17232,2013-08-27,"Dark Blood Bronze Tag","Criminal Tags","Commodity",449100.01
17233,2013-08-27,"Dark Blood Copper Tag","Criminal Tags","Commodity",14400.68
17234,2013-08-27,"Dark Blood Crystal Tag","Criminal Tags","Commodity",4505.42
17235,2013-08-27,"Dark Blood Diamond Tag","Criminal Tags","Commodity",2882.27
17236,2013-08-27,"Dark Blood Electrum Tag","Criminal Tags","Commodity",1e+06
17238,2013-08-27,"Dark Blood Gold Tag","Criminal Tags","Commodity",14409.94
17237,2013-08-27,"Dark Blood Palladium Tag","Criminal Tags","Commodity",0
17240,2013-08-27,"Dark Blood Platinum Tag","Criminal Tags","Commodity",90002.3
17239,2013-08-27,"Dark Blood Silver Tag","Criminal Tags","Commodity",2503.04
11735,2013-08-27,"Dark Compound","Refinables","Commodity",4599
16267,2013-08-27,"Dark Glitter","Ice","Asteroid",428899.53
1232,2013-08-27,"Dark Ochre","Dark Ochre","Asteroid",1530
17392,2013-08-27,"Data Chips","Specialized Commodities","Planetary Commodities",58507.43
21596,2013-08-27,"Data Processor","Materials and Compounds","Commodity",45009.9
3812,2013-08-27,"Data Sheets","General","Commodity",153.11
20421,2013-08-27,"Datacore - Amarrian Starship Engineering","Datacores","Commodity",93375.17
25887,2013-08-27,"Datacore - Caldari Starship Engineering","Datacores","Commodity",98105.41
11496,2013-08-27,"Datacore - Defensive Subsystems Engineering","Datacores","Commodity",2960.18
20417,2013-08-27,"Datacore - Electromagnetic Physics","Datacores","Commodity",111240.91
20418,2013-08-27,"Datacore - Electronic Engineering","Datacores","Commodity",114300
20116,2013-08-27,"Datacore - Electronic Subsystems Engineering","Datacores","Commodity",1055.74
20115,2013-08-27,"Datacore - Engineering Subsystems Engineering","Datacores","Commodity",1935.93
20410,2013-08-27,"Datacore - Gallentean Starship Engineering","Datacores","Commodity",120690.91
20419,2013-08-27,"Datacore - Graviton Physics","Datacores","Commodity",92700.01
20411,2013-08-27,"Datacore - High Energy Physics","Datacores","Commodity",101700.01
20171,2013-08-27,"Datacore - Hydromagnetic Physics","Datacores","Commodity",96302.7
20413,2013-08-27,"Datacore - Laser Physics","Datacores","Commodity",95402.37
20424,2013-08-27,"Datacore - Mechanical Engineering","Datacores","Commodity",90000.02
20172,2013-08-27,"Datacore - Minmatar Starship Engineering","Datacores","Commodity",89775.02
20415,2013-08-27,"Datacore - Molecular Engineering","Datacores","Commodity",90000.43
20416,2013-08-27,"Datacore - Nanite Engineering","Datacores","Commodity",105300.92
20423,2013-08-27,"Datacore - Nuclear Physics","Datacores","Commodity",68134.87
20425,2013-08-27,"Datacore - Offensive Subsystems Engineering","Datacores","Commodity",4056.3
20412,2013-08-27,"Datacore - Plasma Physics","Datacores","Commodity",118350.9
20114,2013-08-27,"Datacore - Propulsion Subsystems Engineering","Datacores","Commodity",2657
20414,2013-08-27,"Datacore - Quantum Physics","Datacores","Commodity",94500
20420,2013-08-27,"Datacore - Rocket Science","Datacores","Commodity",96300.11
25592,2013-08-27,"Defective Current Pump","Salvaged Materials","Material",188.1
30269,2013-08-27,"Defensive Control Node","Ancient Salvage","Material",993.6
11555,2013-08-27,"Deflection Shield Emitter","Construction Components","Commodity",20705.41
11588,2013-08-27,"Defunct Drone Sensor Module","Miscellaneous","Commodity",4390.2
17471,2013-08-27,"Dense Veldspar","Veldspar","Asteroid",13.5
17220,2013-08-27,"Domination Brass Tag","Criminal Tags","Commodity",9180.89
17221,2013-08-27,"Domination Bronze Tag","Criminal Tags","Commodity",0
17222,2013-08-27,"Domination Copper Tag","Criminal Tags","Commodity",5042.08
17223,2013-08-27,"Domination Crystal Tag","Criminal Tags","Commodity",2700.42
17224,2013-08-27,"Domination Diamond Tag","Criminal Tags","Commodity",9001.32
17225,2013-08-27,"Domination Electrum Tag","Criminal Tags","Commodity",2700090.09
17226,2013-08-27,"Domination Gold Tag","Criminal Tags","Commodity",36008.29
17227,2013-08-27,"Domination Palladium Tag","Criminal Tags","Commodity",1800003.59
17229,2013-08-27,"Domination Platinum Tag","Criminal Tags","Commodity",13501.81
17230,2013-08-27,"Domination Silver Tag","Criminal Tags","Commodity",1800.22
17299,2013-08-27,"Draclira Merlonne's Tag","Criminal Tags","Commodity",460193.38
17241,2013-08-27,"Dread Guristas Brass Tag","Criminal Tags","Commodity",9180.89
17242,2013-08-27,"Dread Guristas Bronze Tag","Criminal Tags","Commodity",450000.79
17243,2013-08-27,"Dread Guristas Copper Tag","Criminal Tags","Commodity",3600.59
17244,2013-08-27,"Dread Guristas Crystal Tag","Criminal Tags","Commodity",7291.81
17245,2013-08-27,"Dread Guristas Diamond Tag","Criminal Tags","Commodity",7384.5
17247,2013-08-27,"Dread Guristas Electrum Tag","Criminal Tags","Commodity",1499999.99
17248,2013-08-27,"Dread Guristas Gold Tag","Criminal Tags","Commodity",67500
17249,2013-08-27,"Dread Guristas Palladium Tag","Criminal Tags","Commodity",1800000.9
17250,2013-08-27,"Dread Guristas Platinum Tag","Criminal Tags","Commodity",270076.5
17251,2013-08-27,"Dread Guristas Silver Tag","Criminal Tags","Commodity",9903.83
14483,2013-08-27,"Drezins DNA","Miscellaneous","Commodity",10192.48
28362,2013-08-27,"Drone Capillary Fluid","Rogue Drone Components","Material",1202.4
28363,2013-08-27,"Drone Cerebral Fragment","Rogue Drone Components","Material",3141.01
28366,2013-08-27,"Drone Coronary Unit","Rogue Drone Components","Material",977.37
28365,2013-08-27,"Drone Epidermal Shielding Chunk","Rogue Drone Components","Material",913.44
28361,2013-08-27,"Drone Synaptic Relay Wiring","Rogue Drone Components","Material",508.5
28364,2013-08-27,"Drone Tactical Limb","Rogue Drone Components","Material",1358.1
25615,2013-08-27,"Drone Transceiver","Salvaged Materials","Material",13514.43
3709,2013-08-27,"Drop","Drugs","Commodity",3600.91
16668,2013-08-27,"Dysporite","Intermediate Materials","Material",18450.01
16650,2013-08-27,"Dysprosium","Moon Materials","Material",26035
11694,2013-08-27,"EM Pulse Generator","Construction Components","Commodity",17999.96
3771,2013-08-27,"Ectoplasm","Biohazard","Commodity",0
21592,2013-08-27,"Electric Conduit","Materials and Compounds","Commodity",2979.02
2390,2013-08-27,"Electrolytes","Basic Commodities","Planetary Commodities",333.75
11551,2013-08-27,"Electrolytic Capacitor Unit","Construction Components","Commodity",35102.7
30254,2013-08-27,"Electromechanical Hull Sheeting","Ancient Salvage","Material",53.96
30466,2013-08-27,"Electromechanical Interface Nexus","Hybrid Tech Components","Commodity",180216.63
21587,2013-08-27,"Electronic Link","Materials and Compounds","Commodity",278.69
3687,2013-08-27,"Electronic Parts","General","Commodity",679.68
23161,2013-08-27,"Elemental Crux","Materials and Compounds","Commodity",9540
17624,2013-08-27,"Elena Gazky's DNA","Miscellaneous","Commodity",7206.3
17796,2013-08-27,"Elite Slaves","Livestock","Commodity",9450.07
30248,2013-08-27,"Emergent Combat Analyzer","Ancient Salvage","Material",720.04
30271,2013-08-27,"Emergent Combat Intelligence","Ancient Salvage","Material",540.01
29996,2013-08-27,"Emergent Neurovisual Interface","Hybrid Tech Components","Commodity",0
21594,2013-08-27,"Energy Cells","Materials and Compounds","Commodity",720.93
25625,2013-08-27,"Enhanced Ward Console","Salvaged Materials","Material",513025.6
17978,2013-08-27,"Enriched Clear Icicle","Ice","Asteroid",9004.56
44,2013-08-27,"Enriched Uranium","Refined Commodities","Planetary Commodities",7425.38
21574,2013-08-27,"Esoteric Accelerant","Decryptors - Caldari","Decryptors",1620000.01
21577,2013-08-27,"Esoteric Attainment","Decryptors - Caldari","Decryptors",4050000.9
21576,2013-08-27,"Esoteric Augmentation","Decryptors - Caldari","Decryptors",229501.8
25555,2013-08-27,"Esoteric Data Interface","Data Interfaces","Commodity",235800.01
33319,2013-08-27,"Esoteric Parity","Decryptors - Caldari","Decryptors",1530000.9
21573,2013-08-27,"Esoteric Process","Decryptors - Caldari","Decryptors",1406655.01
25853,2013-08-27,"Esoteric Ship Data Interface","Data Interfaces","Commodity",4815054.01
21575,2013-08-27,"Esoteric Symmetry","Decryptors - Caldari","Decryptors",721800
26599,2013-08-27,"Esoteric Tuner Data Interface","Data Interfaces","Commodity",249570.46
17295,2013-08-27,"Estamel Tharchon's Tag","Criminal Tags","Commodity",19800000.01
16635,2013-08-27,"Evaporite Deposits","Moon Materials","Material",495.04
3818,2013-08-27,"Exile","Drugs","Commodity",899.7
17765,2013-08-27,"Exotic Dancers, Female","Livestock","Commodity",47430.01
17852,2013-08-27,"Faramon's Tag","Criminal Tags","Commodity",29192.38
15646,2013-08-27,"Federation Navy Command Sergeant Major Insignia I","Empire Insignia Drops","Commodity",45000
15592,2013-08-27,"Federation Navy Fleet Captain Insignia I","Empire Insignia Drops","Commodity",157505.51
15594,2013-08-27,"Federation Navy Fleet Colonel Insignia I","Empire Insignia Drops","Commodity",2362500
15673,2013-08-27,"Federation Navy Fleet Colonel Insignia II","Empire Insignia Drops","Commodity",675000.01
15650,2013-08-27,"Federation Navy Fleet Commander Insignia","Empire Insignia Drops","Commodity",1800000
15593,2013-08-27,"Federation Navy Fleet Major Insignia I","Empire Insignia Drops","Commodity",90000
28236,2013-08-27,"Federation Navy Fleet Rear-Admiral Insignia","Empire Insignia Drops","Commodity",4500000
15587,2013-08-27,"Federation Navy Midshipman Insignia I","Empire Insignia Drops","Commodity",4050
15588,2013-08-27,"Federation Navy Midshipman Insignia II","Empire Insignia Drops","Commodity",7200.01
15589,2013-08-27,"Federation Navy Midshipman Insignia III","Empire Insignia Drops","Commodity",13500
15648,2013-08-27,"Federation Navy Raid Leader Insignia","Empire Insignia Drops","Commodity",900000.9
15649,2013-08-27,"Federation Navy Sergeant Elite Insignia","Empire Insignia Drops","Commodity",0
15590,2013-08-27,"Federation Navy Sergeant Insignia I","Empire Insignia Drops","Commodity",18000
15994,2013-08-27,"Federation Navy Sergeant Insignia II","Empire Insignia Drops","Commodity",22500
16002,2013-08-27,"Federation Navy Sergeant Insignia III","Empire Insignia Drops","Commodity",27000
15591,2013-08-27,"Federation Navy Sergeant Major Insignia I","Empire Insignia Drops","Commodity",27000
15647,2013-08-27,"Federation Navy Squad Leader Insignia","Empire Insignia Drops","Commodity",0
17317,2013-08-27,"Fermionic Condensates","Composite","Material",36000.96
16656,2013-08-27,"Fernite Alloy","Intermediate Materials","Material",3241.05
16673,2013-08-27,"Fernite Carbide","Composite","Material",92.72
11542,2013-08-27,"Fernite Carbide Composite Armor Plate","Construction Components","Commodity",6599.75
16669,2013-08-27,"Ferrofluid","Intermediate Materials","Material",19807.72
16683,2013-08-27,"Ferrogel","Composite","Material",15481
3693,2013-08-27,"Fertilizer","Refined Commodities","Planetary Commodities",4405.16
17453,2013-08-27,"Fiery Kernite","Kernite","Asteroid",182.31
17769,2013-08-27,"Fluxed Condensates","Intermediate Materials","Material",20700.13
19462,2013-08-27,"Foiritan Voucher","Miscellaneous","Commodity",4589999.11
23160,2013-08-27,"Force Cable","Materials and Compounds","Commodity",9.01
18029,2013-08-27,"Freed Slaves","Slave Reception","Commodity",741.61
17791,2013-08-27,"Freedom Fighters","Livestock","Commodity",1090.99
3822,2013-08-27,"Frentix","Drugs","Commodity",179.7
25601,2013-08-27,"Fried Interface Circuit","Salvaged Materials","Material",3447
3715,2013-08-27,"Frozen Food","Frozen","Commodity",69.97
45,2013-08-27,"Frozen Plant Seeds","Frozen","Commodity",32.71
30305,2013-08-27,"Fullerene Intercalated Graphite","Hybrid Polymers","Material",1860.3
30002,2013-08-27,"Fullerene Intercalated Sheets","Hybrid Tech Components","Commodity",8325000.9
16679,2013-08-27,"Fullerides","Composite","Material",562.59
30375,2013-08-27,"Fullerite-C28","Harvestable Cloud","Celestial",3150
30376,2013-08-27,"Fullerite-C32","Harvestable Cloud","Celestial",8807.49
30377,2013-08-27,"Fullerite-C320","Harvestable Cloud","Celestial",68414.01
30370,2013-08-27,"Fullerite-C50","Harvestable Cloud","Celestial",2611.83
30378,2013-08-27,"Fullerite-C540","Harvestable Cloud","Celestial",42305.51
30371,2013-08-27,"Fullerite-C60","Harvestable Cloud","Celestial",271.89
30372,2013-08-27,"Fullerite-C70","Harvestable Cloud","Celestial",176.4
30373,2013-08-27,"Fullerite-C72","Harvestable Cloud","Celestial",2702.13
30374,2013-08-27,"Fullerite-C84","Harvestable Cloud","Celestial",472.5
30303,2013-08-27,"Fulleroferrocene","Hybrid Polymers","Material",916.5
30476,2013-08-27,"Fulleroferrocene Power Conduits","Hybrid Tech Components","Commodity",315000.01
30018,2013-08-27,"Fused Nanomechanical Engines","Ancient Salvage","Material",234
11547,2013-08-27,"Fusion Reactor Unit","Construction Components","Commodity",63004.18
11532,2013-08-27,"Fusion Thruster","Construction Components","Commodity",19720.8
15316,2013-08-27,"Galeptos Medicine","Miscellaneous","Commodity",142.95
17423,2013-08-27,"Gallente 106 Election Holoreel","Miscellaneous","Commodity",112500.7
17850,2013-08-27,"Gallente Alpha Nexus Chip","Miscellaneous","Commodity",5400933.35
17849,2013-08-27,"Gallente Beta Nexus Chip","Miscellaneous","Commodity",1531125.02
24594,2013-08-27,"Gallente Federation Starbase Charter","Lease","Commodity",1616.48
4312,2013-08-27,"Gallente Fuel Block","Fuel Block","Material",12599.12
17848,2013-08-27,"Gallente Gamma Nexus Chip","Miscellaneous","Commodity",720000.05
30385,2013-08-27,"Gallente Hybrid Tech Decryptor","Decryptors - Hybrid","Decryptors",99002.73
17143,2013-08-27,"Gallentean Planetary Vehicles","Miscellaneous","Commodity",25200
41,2013-08-27,"Garbage","General","Commodity",14.59
2348,2013-08-27,"Gel-Matrix Biopaste","Specialized Commodities","Planetary Commodities",55081.64
16268,2013-08-27,"Gelidus","Ice","Asteroid",185995.91
15317,2013-08-27,"Genetically Enhanced Livestock","Refined Commodities","Planetary Commodities",6886.43
17817,2013-08-27,"Genom Tara's Insignia","Empire Insignia Drops","Commodity",46092.59
16263,2013-08-27,"Glacial Mass","Ice","Asteroid",153000.18
16266,2013-08-27,"Glare Crust","Ice","Asteroid",270000.95
17441,2013-08-27,"Glazed Hedbergite","Hedbergite","Asteroid",654.76
11740,2013-08-27,"Gleaming Alloy","Refinables","Commodity",0
17467,2013-08-27,"Gleaming Spodumain","Spodumain","Asteroid",94.5
11724,2013-08-27,"Glossy Compound","Refinables","Commodity",27900
1229,2013-08-27,"Gneiss","Gneiss","Asteroid",900.09
25273,2013-08-27,"Golden Cytoserocin","Harvestable Cloud","Celestial",103500.04
28697,2013-08-27,"Golden Mykoserocin","Harvestable Cloud","Celestial",2614.74
17868,2013-08-27,"Golden Omber","Omber","Asteroid",67.85
17304,2013-08-27,"Gotan Kreiss's Tag","Criminal Tags","Commodity",0
30309,2013-08-27,"Graphene Nanoribbons","Hybrid Polymers","Material",40500.44
11534,2013-08-27,"Gravimetric Sensor Cluster","Construction Components","Commodity",15346.16
11693,2013-08-27,"Graviton Pulse Generator","Construction Components","Commodity",16650.01
11550,2013-08-27,"Graviton Reactor Unit","Construction Components","Commodity",63274.59
9834,2013-08-27,"Guidance Systems","Specialized Commodities","Planetary Commodities",22401.04
17207,2013-08-27,"Guristas Brass Tag","Criminal Tags","Commodity",15255090.92
12542,2013-08-27,"Guristas Bronze Tag","Criminal Tags","Commodity",5850001.54
17205,2013-08-27,"Guristas Copper Tag","Criminal Tags","Commodity",431100
12546,2013-08-27,"Guristas Crystal Tag","Criminal Tags","Commodity",27006.89
17206,2013-08-27,"Guristas Diamond Tag","Criminal Tags","Commodity",24399
17209,2013-08-27,"Guristas Electrum Tag","Criminal Tags","Commodity",3618.95
12544,2013-08-27,"Guristas Gold Tag","Criminal Tags","Commodity",1075778.11
21728,2013-08-27,"Guristas Graviton Hardening","Artifacts and Prototypes","Commodity",6930000
21727,2013-08-27,"Guristas Gravity Focuser","Artifacts and Prototypes","Commodity",180000.1
21724,2013-08-27,"Guristas Heavy Weapon Console","Artifacts and Prototypes","Commodity",16200000.99
21726,2013-08-27,"Guristas Light Weapon Console","Artifacts and Prototypes","Commodity",3600000.02
21725,2013-08-27,"Guristas Medium Weapon Console","Artifacts and Prototypes","Commodity",0
17208,2013-08-27,"Guristas Palladium Tag","Criminal Tags","Commodity",45900.04
12545,2013-08-27,"Guristas Platinum Tag","Criminal Tags","Commodity",66240.12
12543,2013-08-27,"Guristas Silver Tag","Criminal Tags","Commodity",906840.04
16648,2013-08-27,"Hafnium","Moon Materials","Material",10665.99
17305,2013-08-27,"Hakim Stormare's Tag","Criminal Tags","Commodity",4500000
2366,2013-08-27,"Hazmat Detection Systems","Specialized Commodities","Planetary Commodities",76603.5
23165,2013-08-27,"Heat Depressor","Materials and Compounds","Commodity",8281.39
16272,2013-08-27,"Heavy Water","Ice Product","Material",113.08
21,2013-08-27,"Hedbergite","Hedbergite","Asteroid",648.96
16274,2013-08-27,"Helium Isotopes","Ice Product","Material",565.13
1231,2013-08-27,"Hemorphite","Hemorphite","Asteroid",621.19
2361,2013-08-27,"Hermetic Membranes","Specialized Commodities","Planetary Commodities",49532.68
30022,2013-08-27,"Heuristic Selfassemblers","Ancient Salvage","Material",454.5
16665,2013-08-27,"Hexite","Intermediate Materials","Material",4860.26
17893,2013-08-27,"High-Tech Data Chip","Miscellaneous","Commodity",459
17895,2013-08-27,"High-Tech Manufacturing Tools","Miscellaneous","Commodity",3780.32
17894,2013-08-27,"High-Tech Scanner","Miscellaneous","Commodity",0
17897,2013-08-27,"High-Tech Small Arms","Miscellaneous","Commodity",297.74
17898,2013-08-27,"High-Tech Transmitters","Specialized Commodities","Planetary Commodities",49500.01
3647,2013-08-27,"Holoreels","General","Commodity",90.01
12110,2013-08-27,"Homeless","Livestock","Commodity",3602.38
16633,2013-08-27,"Hydrocarbons","Moon Materials","Material",100.03
3773,2013-08-27,"Hydrochloric Acid","Biohazard","Commodity",553.73
3685,2013-08-27,"Hydrogen Batteries","General","Commodity",450
17889,2013-08-27,"Hydrogen Isotopes","Ice Product","Material",492.75
16666,2013-08-27,"Hyperflurite","Intermediate Materials","Material",9865.9
16682,2013-08-27,"Hypersynaptic Fibers","Composite","Material",5670.04
17630,2013-08-27,"Imai Kenon's Tag","Criminal Tags","Commodity",3919.48
15612,2013-08-27,"Imperial Navy Captain Insignia I","Empire Insignia Drops","Commodity",0
15614,2013-08-27,"Imperial Navy Colonel Insignia I","Empire Insignia Drops","Commodity",104400
15670,2013-08-27,"Imperial Navy Fleet Commander Insignia","Empire Insignia Drops","Commodity",723078.9
28238,2013-08-27,"Imperial Navy Fleet Rear-Admiral Insignia","Empire Insignia Drops","Commodity",1003878.6
15615,2013-08-27,"Imperial Navy General Insignia I","Empire Insignia Drops","Commodity",411120.86
15669,2013-08-27,"Imperial Navy General Insignia II","Empire Insignia Drops","Commodity",734228.12
15613,2013-08-27,"Imperial Navy Major Insignia I","Empire Insignia Drops","Commodity",1102500.01
15607,2013-08-27,"Imperial Navy Midshipman Insignia I","Empire Insignia Drops","Commodity",3510
15608,2013-08-27,"Imperial Navy Midshipman Insignia II","Empire Insignia Drops","Commodity",6030.01
15609,2013-08-27,"Imperial Navy Midshipman Insignia III","Empire Insignia Drops","Commodity",8730
15635,2013-08-27,"Imperial Navy Raid Leader Insignia","Empire Insignia Drops","Commodity",1108913.56
15636,2013-08-27,"Imperial Navy Sergeant Elite Insignia","Empire Insignia Drops","Commodity",90000
15610,2013-08-27,"Imperial Navy Sergeant Insignia I","Empire Insignia Drops","Commodity",657007.11
15992,2013-08-27,"Imperial Navy Sergeant Insignia II","Empire Insignia Drops","Commodity",31770.01
16000,2013-08-27,"Imperial Navy Sergeant Insignia III","Empire Insignia Drops","Commodity",342005.68
15611,2013-08-27,"Imperial Navy Sergeant Major Insignia I","Empire Insignia Drops","Commodity",23220.01
15634,2013-08-27,"Imperial Navy Squad Leader Insignia","Empire Insignia Drops","Commodity",23400.02
25621,2013-08-27,"Impetus Console","Salvaged Materials","Material",4140
23184,2013-08-27,"Incognito Accelerant","Decryptors - Gallente","Decryptors",3150002.85
23187,2013-08-27,"Incognito Attainment","Decryptors - Gallente","Decryptors",2880013.56
23186,2013-08-27,"Incognito Augmentation","Decryptors - Gallente","Decryptors",168300.05
25556,2013-08-27,"Incognito Data Interface","Data Interfaces","Commodity",299999.72
33320,2013-08-27,"Incognito Parity","Decryptors - Gallente","Decryptors",2250000
23183,2013-08-27,"Incognito Process","Decryptors - Gallente","Decryptors",2160000
25855,2013-08-27,"Incognito Ship Data Interface","Data Interfaces","Commodity",8550250.49
23185,2013-08-27,"Incognito Symmetry","Decryptors - Gallente","Decryptors",816300.09
26601,2013-08-27,"Incognito Tuner Data Interface","Data Interfaces","Commodity",91001.87
2360,2013-08-27,"Industrial Explosives","Specialized Commodities","Planetary Commodities",42750.66
2397,2013-08-27,"Industrial Fibers","Basic Commodities","Planetary Commodities",467.14
25624,2013-08-27,"Intact Armor Plates","Salvaged Materials","Material",4545001
25608,2013-08-27,"Intact Shield Emitter","Salvaged Materials","Material",516114.01
2868,2013-08-27,"Integrity Response Drones","Advanced Commodities","Planetary Commodities",1305000
25620,2013-08-27,"Interface Circuit","Salvaged Materials","Material",405000.9
16713,2013-08-27,"Intermediate Medal","Miscellaneous","Commodity",119246.39
23166,2013-08-27,"Internal Bulkhead","Materials and Compounds","Commodity",49530.6
11531,2013-08-27,"Ion Thruster","Construction Components","Commodity",22501.17
17865,2013-08-27,"Iridescent Gneiss","Gneiss","Asteroid",1399.55
37,2013-08-27,"Isogen","Mineral","Material",110.83
13267,2013-08-27,"Janitor","Livestock","Commodity",504.91
19663,2013-08-27,"Jarkon Puman's Tag","Criminal Tags","Commodity",0
1226,2013-08-27,"Jaspet","Jaspet","Asteroid",384.33
17623,2013-08-27,"Jenmei's Tag","Criminal Tags","Commodity",4680.9
15645,2013-08-27,"Jerek Zuomi's Insignia","Empire Insignia Drops","Commodity",5400000.1
30268,2013-08-27,"Jump Drive Control Nexus","Ancient Salvage","Material",1129.5
17298,2013-08-27,"Kaikka Peunato's Tag","Criminal Tags","Commodity",20636.12
15667,2013-08-27,"Kali Midez's Insignia","Empire Insignia Drops","Commodity",382832.05
17767,2013-08-27,"Kameiras","Livestock","Commodity",0
15639,2013-08-27,"Karzo Sarum's Insignia","Empire Insignia Drops","Commodity",3186901
20,2013-08-27,"Kernite","Kernite","Asteroid",176.61
16186,2013-08-27,"Khanid Eagle Insignia","Empire Insignia Drops","Commodity",4680
16181,2013-08-27,"Khanid Elite Fighter Insignia","Empire Insignia Drops","Commodity",8104.5
16180,2013-08-27,"Khanid Fighter Insignia","Empire Insignia Drops","Commodity",0
16185,2013-08-27,"Khanid Hawk Insignia","Empire Insignia Drops","Commodity",17366.4
16188,2013-08-27,"Khanid High Commander Insignia","Empire Insignia Drops","Commodity",47715.39
24596,2013-08-27,"Khanid Kingdom Starbase Charter","Lease","Commodity",1397.2
16184,2013-08-27,"Khanid Officer Insignia","Empire Insignia Drops","Commodity",5512.5
16179,2013-08-27,"Khanid Rookie Insignia","Empire Insignia Drops","Commodity",0
16189,2013-08-27,"Khanid Royal Insignia","Empire Insignia Drops","Commodity",725436.08
16182,2013-08-27,"Khanid Scout Insignia","Empire Insignia Drops","Commodity",0
15981,2013-08-27,"Khanid Slave Trader Insignia","Empire Insignia Drops","Commodity",47868.57
16183,2013-08-27,"Khanid Sparrow Insignia","Empire Insignia Drops","Commodity",3768.3
16187,2013-08-27,"Khanid Warbird Insignia","Empire Insignia Drops","Commodity",0
12478,2013-08-27,"Khumaak","Miscellaneous","Commodity",0
13918,2013-08-27,"Korranis DNA","Miscellaneous","Commodity",7020000
14292,2013-08-27,"Kruul's DNA","Miscellaneous","Commodity",103603.5
16269,2013-08-27,"Krystallos","Ice","Asteroid",37919
11536,2013-08-27,"Ladar Sensor Cluster","Construction Components","Commodity",18900.09
30307,2013-08-27,"Lanthanum Metallofullerene","Hybrid Polymers","Material",4508.85
11689,2013-08-27,"Laser Focusing Crystals","Construction Components","Commodity",19102.37
17847,2013-08-27,"Lazarus's Tag","Criminal Tags","Commodity",11092.49
16714,2013-08-27,"Legends Medal","Miscellaneous","Commodity",0
25277,2013-08-27,"Lime Cytoserocin","Harvestable Cloud","Celestial",81000
28698,2013-08-27,"Lime Mykoserocin","Harvestable Cloud","Celestial",2259.14
11557,2013-08-27,"Linear Shield Emitter","Construction Components","Commodity",22500.93
16273,2013-08-27,"Liquid Ozone","Ice Product","Material",550.54
3725,2013-08-27,"Livestock","Refined Commodities","Planetary Commodities",7310.29
25619,2013-08-27,"Logic Circuit","Salvaged Materials","Material",414090.9
3777,2013-08-27,"Long-limb Roes","Frozen","Commodity",1800.33
25610,2013-08-27,"Lorentz Fluid","Salvaged Materials","Material",279000.07
11738,2013-08-27,"Lucent Compound","Refinables","Commodity",1900.12
17452,2013-08-27,"Luminous Kernite","Kernite","Asteroid",167.31
11736,2013-08-27,"Lustering Alloy","Refinables","Commodity",11702.71
17869,2013-08-27,"Magma Mercoxit","Mercoxit","Asteroid",8999.99
11535,2013-08-27,"Magnetometric Sensor Cluster","Construction Components","Commodity",13502.32
11533,2013-08-27,"Magpulse Thruster","Construction Components","Commodity",23404.05
23167,2013-08-27,"Mainframe Bit","Materials and Compounds","Commodity",1575.91
25276,2013-08-27,"Malachite Cytoserocin","Harvestable Cloud","Celestial",68500.77
28699,2013-08-27,"Malachite Mykoserocin","Harvestable Cloud","Celestial",0
25589,2013-08-27,"Malfunctioning Shield Emitter","Salvaged Materials","Material",765
16686,2013-08-27,"Manufacturing Tools","Miscellaneous","Commodity",0
3810,2013-08-27,"Marines","Livestock","Commodity",2885.43
17464,2013-08-27,"Massive Scordite","Scordite","Asteroid",25.07
21593,2013-08-27,"Mechanic Parts","Materials and Compounds","Commodity",903.91
3689,2013-08-27,"Mechanical Parts","Refined Commodities","Planetary Commodities",6484.51
40,2013-08-27,"Megacyte","Mineral","Material",1602.01
25603,2013-08-27,"Melted Capacitor Console","Salvaged Materials","Material",6687.01
30259,2013-08-27,"Melted Nanoribbons","Ancient Salvage","Material",4499100.01
11396,2013-08-27,"Mercoxit","Mercoxit","Asteroid",14140.11
16646,2013-08-27,"Mercury","Moon Materials","Material",6984.95
15331,2013-08-27,"Metal Scraps","Commodities","Commodity",2181.7
30464,2013-08-27,"Metallofullerene Plating","Hybrid Tech Components","Commodity",90000
30306,2013-08-27,"Methanofullerene","Hybrid Polymers","Material",8216.09
36,2013-08-27,"Mexallon","Mineral","Material",33.26
25618,2013-08-27,"Micro Circuit","Salvaged Materials","Material",8460.98
2327,2013-08-27,"Microfiber Shielding","Refined Commodities","Planetary Commodities",9460.06
3826,2013-08-27,"Mindflood","Drugs","Commodity",1799.7
9842,2013-08-27,"Miniature Electronics","Refined Commodities","Planetary Commodities",7803.93
15674,2013-08-27,"Minmatar Freedom Fighter Insignia I","Empire Insignia Drops","Commodity",0
4246,2013-08-27,"Minmatar Fuel Block","Fuel Block","Material",11907.07
30384,2013-08-27,"Minmatar Hybrid Tech Decryptor","Decryptors - Hybrid","Decryptors",193950.11
24595,2013-08-27,"Minmatar Republic Starbase Charter","Lease","Commodity",1391.47
17815,2013-08-27,"Minmatar UUA Nexus Chip","Miscellaneous","Commodity",101341.81
17816,2013-08-27,"Minmatar UUB Nexus Chip","Miscellaneous","Commodity",1800018.03
17814,2013-08-27,"Minmatar UUC Nexus Chip","Miscellaneous","Commodity",6645691.53
15659,2013-08-27,"Mizuma Gomi's Insignia","Empire Insignia Drops","Commodity",0
17306,2013-08-27,"Mizuro Cybon's Tag","Criminal Tags","Commodity",0
30021,2013-08-27,"Modified Fluid Router","Ancient Salvage","Material",3667.48
17429,2013-08-27,"Monoclinic Bistot","Bistot","Asteroid",2700
17640,2013-08-27,"Mordur's DNA","Miscellaneous","Commodity",0
11399,2013-08-27,"Morphite","Mineral","Material",6705.02
11733,2013-08-27,"Motley Compound","Refinables","Commodity",6940.8
15658,2013-08-27,"Naiyon Tai's Insignia","Empire Insignia Drops","Commodity",1089090.88
25609,2013-08-27,"Nanite Compound","Salvaged Materials","Material",225000.04
2463,2013-08-27,"Nanites","Refined Commodities","Planetary Commodities",2488.96
2869,2013-08-27,"Nano-Factory","Advanced Commodities","Planetary Commodities",612900.14
11539,2013-08-27,"Nanoelectrical Microprocessor","Construction Components","Commodity",30172.5
11538,2013-08-27,"Nanomechanical Microprocessor","Construction Components","Commodity",33120.14
16681,2013-08-27,"Nanotransistors","Composite","Material",1977.42
30474,2013-08-27,"Nanowire Composites","Hybrid Tech Components","Commodity",44640
16667,2013-08-27,"Neo Mercurite","Intermediate Materials","Material",14670.91
2354,2013-08-27,"Neocoms","Specialized Commodities","Planetary Commodities",37804.63
16651,2013-08-27,"Neodymium","Moon Materials","Material",21197.97
15410,2013-08-27,"Neophite","Miscellaneous","Commodity",19800216.9
3703,2013-08-27,"Nerve Sticks","Drugs","Commodity",98.69
30744,2013-08-27,"Neural Network Analyzer","Sleeper Components","Commodity",44567.28
30251,2013-08-27,"Neurovisual Input Matrix","Ancient Salvage","Material",17.13
30470,2013-08-27,"Neurovisual Output Analyzer","Hybrid Tech Components","Commodity",32175000.02
17888,2013-08-27,"Nitrogen Isotopes","Ice Product","Material",603
38,2013-08-27,"Nocxium","Mineral","Material",651.33
33362,2013-08-27,"Nonlinear Metamaterials","Composite","Material",11434.51
16712,2013-08-27,"Novice Medal","Miscellaneous","Commodity",0
11692,2013-08-27,"Nuclear Pulse Generator","Construction Components","Commodity",10894.63
11548,2013-08-27,"Nuclear Reactor Unit","Construction Components","Commodity",58500.05
2352,2013-08-27,"Nuclear Reactors","Specialized Commodities","Planetary Commodities",52413.71
17437,2013-08-27,"Obsidian Ochre","Dark Ochre","Asteroid",1530.14
23179,2013-08-27,"Occult Accelerant","Decryptors - Amarr","Decryptors",1170000
23182,2013-08-27,"Occult Attainment","Decryptors - Amarr","Decryptors",1517409.68
23181,2013-08-27,"Occult Augmentation","Decryptors - Amarr","Decryptors",36000
25554,2013-08-27,"Occult Data Interface","Data Interfaces","Commodity",281272.66
33315,2013-08-27,"Occult Parity","Decryptors - Amarr","Decryptors",678600.05
23178,2013-08-27,"Occult Process","Decryptors - Amarr","Decryptors",1890000.02
25851,2013-08-27,"Occult Ship Data Interface","Data Interfaces","Commodity",4879800.7
23180,2013-08-27,"Occult Symmetry","Decryptors - Amarr","Decryptors",310499.1
26603,2013-08-27,"Occult Tuner Data Interface","Data Interfaces","Commodity",504471.1
32099,2013-08-27,"Olfei Medallion","Miscellaneous","Commodity",9000
18655,2013-08-27,"Olufami's DNA","Miscellaneous","Commodity",5400.9
1227,2013-08-27,"Omber","Omber","Asteroid",75.85
17436,2013-08-27,"Onyx Ochre","Dark Ochre","Asteroid",1080.46
33324,2013-08-27,"Optimized Cryptic Attainment","Decryptors - Minmatar","Decryptors",1575181.84
33321,2013-08-27,"Optimized Cryptic Augmentation","Decryptors - Minmatar","Decryptors",8552702.71
33325,2013-08-27,"Optimized Esoteric Attainment","Decryptors - Caldari","Decryptors",3465135.12
33322,2013-08-27,"Optimized Esoteric Augmentation","Decryptors - Caldari","Decryptors",10355868.98
33326,2013-08-27,"Optimized Incognito Attainment","Decryptors - Gallente","Decryptors",7380225
33323,2013-08-27,"Optimized Incognito Augmentation","Decryptors - Gallente","Decryptors",12690225.01
29992,2013-08-27,"Optimized Nano-engines","Hybrid Tech Components","Commodity",234122.94
33317,2013-08-27,"Optimized Occult Attainment","Decryptors - Amarr","Decryptors",1935291.73
33316,2013-08-27,"Optimized Occult Augmentation","Decryptors - Amarr","Decryptors",7565647.5
11734,2013-08-27,"Opulent Compound","Refinables","Commodity",13050.05
2870,2013-08-27,"Organic Mortar Applicators","Advanced Commodities","Planetary Commodities",608399.1
11553,2013-08-27,"Oscillator Capacitor Unit","Construction Components","Commodity",36902.11
2317,2013-08-27,"Oxides","Refined Commodities","Planetary Commodities",4277.98
2392,2013-08-27,"Oxidizing Compound","Basic Commodities","Planetary Commodities",299.17
3683,2013-08-27,"Oxygen","Basic Commodities","Planetary Commodities",235.46
17887,2013-08-27,"Oxygen Isotopes","Ice Product","Material",564.63
30304,2013-08-27,"PPD Fullerene Fibers","Hybrid Polymers","Material",4461.81
11688,2013-08-27,"Particle Accelerator Unit","Construction Components","Commodity",18000.94
11585,2013-08-27,"Pax Amarria","Miscellaneous","Commodity",0
16680,2013-08-27,"Phenolic Composites","Composite","Material",1049.4
11541,2013-08-27,"Photon Microprocessor","Construction Components","Commodity",29553.44
33359,2013-08-27,"Photonic Metamaterials","Composite","Material",9913.5
18,2013-08-27,"Plagioclase","Plagioclase","Asteroid",43.42
9846,2013-08-27,"Planetary Vehicles","Specialized Commodities","Planetary Commodities",40694.63
11695,2013-08-27,"Plasma Pulse Generator","Construction Components","Commodity",16740
11530,2013-08-27,"Plasma Thruster","Construction Components","Commodity",24840
2389,2013-08-27,"Plasmoids","Basic Commodities","Planetary Commodities",189
33361,2013-08-27,"Plasmonic Metamaterials","Composite","Material",9733.12
16644,2013-08-27,"Platinum","Moon Materials","Material",2556.28
16662,2013-08-27,"Platinum Technite","Intermediate Materials","Material",6694.25
11725,2013-08-27,"Plush Compound","Refinables","Commodity",31500.59
3727,2013-08-27,"Plutonium","Radioactive","Commodity",1800
2321,2013-08-27,"Polyaramids","Refined Commodities","Planetary Commodities",7839.03
3695,2013-08-27,"Polytextiles","Refined Commodities","Planetary Commodities",6844.5
23158,2013-08-27,"Positron Cord","Materials and Compounds","Commodity",495.12
30019,2013-08-27,"Powdered C-540 Graphite","Ancient Salvage","Material",284.52
25617,2013-08-27,"Power Circuit","Salvaged Materials","Material",2677772.81
25613,2013-08-27,"Power Conduit","Salvaged Materials","Material",16830.04
21589,2013-08-27,"Power Couplings","Materials and Compounds","Commodity",814.51
11737,2013-08-27,"Precious Alloy","Refinables","Commodity",1265.5
2399,2013-08-27,"Precious Metals","Basic Commodities","Planetary Commodities",424.9
17426,2013-08-27,"Prime Arkonor","Arkonor","Asteroid",5311.18
17866,2013-08-27,"Prismatic Gneiss","Gneiss","Asteroid",0
17449,2013-08-27,"Pristine Jaspet","Jaspet","Asteroid",363.38
17976,2013-08-27,"Pristine White Glaze","Ice","Asteroid",112590.09
17755,2013-08-27,"Pro-Trade Pamphlets","Miscellaneous","Commodity",13398.29
16652,2013-08-27,"Promethium","Moon Materials","Material",19377.13
33337,2013-08-27,"Promethium Mercurite","Intermediate Materials","Material",11884.61
17960,2013-08-27,"Prometium","Intermediate Materials","Material",13144.5
11855,2013-08-27,"Protein Delicacies","Frozen","Commodity",135.06
2395,2013-08-27,"Proteins","Basic Commodities","Planetary Commodities",516.64
11556,2013-08-27,"Pulse Shield Emitter","Construction Components","Commodity",20745.33
25241,2013-08-27,"Pure Improved Blue Pill Booster","Biochemical Material","Material",108002.01
25335,2013-08-27,"Pure Improved Crash Booster","Biochemical Material","Material",44918.32
25336,2013-08-27,"Pure Improved Drop Booster","Biochemical Material","Material",405000
25337,2013-08-27,"Pure Improved Exile Booster","Biochemical Material","Material",118814.54
25339,2013-08-27,"Pure Improved Frentix Booster","Biochemical Material","Material",18000
25338,2013-08-27,"Pure Improved Mindflood Booster","Biochemical Material","Material",0
25341,2013-08-27,"Pure Improved Sooth Sayer Booster","Biochemical Material","Material",133200.91
25340,2013-08-27,"Pure Improved X-Instinct Booster","Biochemical Material","Material",48421.23
17448,2013-08-27,"Pure Jaspet","Jaspet","Asteroid",405.13
25237,2013-08-27,"Pure Standard Blue Pill Booster","Biochemical Material","Material",28805.83
25242,2013-08-27,"Pure Standard Crash Booster","Biochemical Material","Material",0
25330,2013-08-27,"Pure Standard Drop Booster","Biochemical Material","Material",76500.01
25331,2013-08-27,"Pure Standard Exile Booster","Biochemical Material","Material",59860.21
25252,2013-08-27,"Pure Standard Frentix Booster","Biochemical Material","Material",27004.7
25332,2013-08-27,"Pure Standard Mindflood Booster","Biochemical Material","Material",60750.13
25334,2013-08-27,"Pure Standard Sooth Sayer Booster","Biochemical Material","Material",44107.53
25333,2013-08-27,"Pure Standard X-Instinct Booster","Biochemical Material","Material",45068.2
25283,2013-08-27,"Pure Strong Blue Pill Booster","Biochemical Material","Material",198002.43
25342,2013-08-27,"Pure Strong Crash Booster","Biochemical Material","Material",9e+05
25343,2013-08-27,"Pure Strong Drop Booster","Biochemical Material","Material",0
25344,2013-08-27,"Pure Strong Exile Booster","Biochemical Material","Material",45000
25346,2013-08-27,"Pure Strong Frentix Booster","Biochemical Material","Material",11881.81
25345,2013-08-27,"Pure Strong Mindflood Booster","Biochemical Material","Material",126002.76
25348,2013-08-27,"Pure Strong Sooth Sayer Booster","Biochemical Material","Material",0
25347,2013-08-27,"Pure Strong X-Instinct Booster","Biochemical Material","Material",0
28686,2013-08-27,"Pure Synth Blue Pill Booster","Biochemical Material","Material",2791.55
28687,2013-08-27,"Pure Synth Crash Booster","Biochemical Material","Material",2880.9
28688,2013-08-27,"Pure Synth Drop Booster","Biochemical Material","Material",0
28689,2013-08-27,"Pure Synth Exile Booster","Biochemical Material","Material",0
28690,2013-08-27,"Pure Synth Frentix Booster","Biochemical Material","Material",1800.9
28691,2013-08-27,"Pure Synth Mindflood Booster","Biochemical Material","Material",4051.8
28692,2013-08-27,"Pure Synth Sooth Sayer Booster","Biochemical Material","Material",9018
28693,2013-08-27,"Pure Synth X-Instinct Booster","Biochemical Material","Material",0
35,2013-08-27,"Pyerite","Mineral","Material",10.43
1224,2013-08-27,"Pyroxeres","Pyroxeres","Asteroid",43.36
3699,2013-08-27,"Quafe","General","Commodity",35.3
12865,2013-08-27,"Quafe Ultra","General","Commodity",49.62
12994,2013-08-27,"Quafe Ultra Special Edition","Miscellaneous","Commodity",450225.04
11540,2013-08-27,"Quantum Microprocessor","Construction Components","Commodity",34878.61
11476,2013-08-27,"R.A.M.- Ammunition Tech","Tool","Commodity",53932.51
11475,2013-08-27,"R.A.M.- Armor/Hull Tech","Tool","Commodity",40500.05
11485,2013-08-27,"R.A.M.- Cybernetics","Tool","Commodity",3280.5
11483,2013-08-27,"R.A.M.- Electronics","Tool","Commodity",55187.85
11482,2013-08-27,"R.A.M.- Energy Tech","Tool","Commodity",40504.11
30386,2013-08-27,"R.A.M.- Hybrid Technology","Data Interfaces","Commodity",796842.44
11481,2013-08-27,"R.A.M.- Robotics","Tool","Commodity",49526.69
11484,2013-08-27,"R.A.M.- Shield Tech","Tool","Commodity",39601.24
11478,2013-08-27,"R.A.M.- Starship Tech","Tool","Commodity",58773.65
11486,2013-08-27,"R.A.M.- Weapon Tech","Tool","Commodity",49503.65
11461,2013-08-27,"R.Db - Boundless Creations","Tool","Commodity",0
11459,2013-08-27,"R.Db - Carthum Conglomerate","Tool","Commodity",47700
11462,2013-08-27,"R.Db - Core Complexion","Tool","Commodity",29733.3
11466,2013-08-27,"R.Db - CreoDron","Tool","Commodity",47700.9
11467,2013-08-27,"R.Db - Duvolle Labs","Tool","Commodity",0
11463,2013-08-27,"R.Db - Ishukone","Tool","Commodity",90000
11464,2013-08-27,"R.Db - Kaalakiota","Tool","Commodity",32411.7
11458,2013-08-27,"R.Db - Khanid Innovation","Tool","Commodity",24313.5
11746,2013-08-27,"R.Db - Lai Dai","Tool","Commodity",36000.01
11465,2013-08-27,"R.Db - Roden Shipyards","Tool","Commodity",37809
11460,2013-08-27,"R.Db - Thukker Mix","Tool","Commodity",37800.12
11457,2013-08-27,"R.Db - Viziam","Tool","Commodity",45900.9
11537,2013-08-27,"Radar Sensor Cluster","Construction Components","Commodity",17415.02
17445,2013-08-27,"Radiant Hemorphite","Hemorphite","Asteroid",653.29
17642,2013-08-27,"Raelek's Tag","Criminal Tags","Commodity",21092.39
17301,2013-08-27,"Raysere Giant's Tag","Criminal Tags","Commodity",0
2398,2013-08-27,"Reactive Metals","Basic Commodities","Planetary Commodities",211.52
30478,2013-08-27,"Reconfigured Subspace Calibrator","Hybrid Tech Components","Commodity",100018.25
2871,2013-08-27,"Recursive Computing Module","Advanced Commodities","Planetary Commodities",837900.94
3806,2013-08-27,"Refugees","Livestock","Commodity",0
30008,2013-08-27,"Reinforced Metallofullerene Alloys","Hybrid Tech Components","Commodity",90011.48
3814,2013-08-27,"Reports","General","Commodity",18.54
15630,2013-08-27,"Republic Fleet Captain Insignia I","Empire Insignia Drops","Commodity",1116000.02
15632,2013-08-27,"Republic Fleet Commander Insignia I","Empire Insignia Drops","Commodity",934384.5
15661,2013-08-27,"Republic Fleet Commander Insignia II","Empire Insignia Drops","Commodity",675000
15631,2013-08-27,"Republic Fleet High Captain Insignia I","Empire Insignia Drops","Commodity",675036.95
15625,2013-08-27,"Republic Fleet Midshipman Insignia I","Empire Insignia Drops","Commodity",0
15626,2013-08-27,"Republic Fleet Midshipman Insignia II","Empire Insignia Drops","Commodity",7200
15627,2013-08-27,"Republic Fleet Midshipman Insignia III","Empire Insignia Drops","Commodity",0
15664,2013-08-27,"Republic Fleet Navy Commander Insignia","Empire Insignia Drops","Commodity",1800000
28231,2013-08-27,"Republic Fleet Navy Rear-Admiral Insignia","Empire Insignia Drops","Commodity",4590000
15666,2013-08-27,"Republic Fleet Private Elite Insignia","Empire Insignia Drops","Commodity",65021.4
15628,2013-08-27,"Republic Fleet Private Insignia I","Empire Insignia Drops","Commodity",18000
15629,2013-08-27,"Republic Fleet Private Insignia II","Empire Insignia Drops","Commodity",0
15660,2013-08-27,"Republic Fleet Private Insignia III","Empire Insignia Drops","Commodity",0
15997,2013-08-27,"Republic Fleet Private Insignia IV","Empire Insignia Drops","Commodity",27000
15998,2013-08-27,"Republic Fleet Private Insignia V","Empire Insignia Drops","Commodity",0
15663,2013-08-27,"Republic Fleet Raid Leader Insignia","Empire Insignia Drops","Commodity",0
15662,2013-08-27,"Republic Fleet Squad Leader Insignia","Empire Insignia Drops","Commodity",45900.01
15353,2013-08-27,"Research Tools","Miscellaneous","Commodity",1000.02
30258,2013-08-27,"Resonance Calibration Matrix","Ancient Salvage","Material",540.9
17456,2013-08-27,"Rich Plagioclase","Plagioclase","Asteroid",47.08
9848,2013-08-27,"Robotics","Specialized Commodities","Planetary Commodities",49686.3
9830,2013-08-27,"Rocket Fuel","Refined Commodities","Planetary Commodities",6300.91
16657,2013-08-27,"Rolled Tungsten Alloy","Intermediate Materials","Material",3240.56
17212,2013-08-27,"Sansha Brass Tag","Criminal Tags","Commodity",3244590.91
12547,2013-08-27,"Sansha Bronze Tag","Criminal Tags","Commodity",10080000.09
17210,2013-08-27,"Sansha Copper Tag","Criminal Tags","Commodity",999001.45
12551,2013-08-27,"Sansha Crystal Tag","Criminal Tags","Commodity",8100
17211,2013-08-27,"Sansha Diamond Tag","Criminal Tags","Commodity",2122.5
17214,2013-08-27,"Sansha Electrum Tag","Criminal Tags","Commodity",3314.7
12549,2013-08-27,"Sansha Gold Tag","Criminal Tags","Commodity",1072800.13
17213,2013-08-27,"Sansha Palladium Tag","Criminal Tags","Commodity",4599.92
12550,2013-08-27,"Sansha Platinum Tag","Criminal Tags","Commodity",49230
12548,2013-08-27,"Sansha Silver Tag","Criminal Tags","Commodity",91854.02
11552,2013-08-27,"Scalar Capacitor Unit","Construction Components","Commodity",31546.81
16639,2013-08-27,"Scandium","Moon Materials","Material",979.34
30308,2013-08-27,"Scandium Metallofullerene","Hybrid Polymers","Material",26344.81
12243,2013-08-27,"Science Graduates","Livestock","Commodity",0
25588,2013-08-27,"Scorched Telemetry Processor","Salvaged Materials","Material",181.19
1228,2013-08-27,"Scordite","Scordite","Asteroid",23.52
23164,2013-08-27,"Second-hand Parts","Materials and Compounds","Commodity",548.38
2872,2013-08-27,"Self-Harmonizing Power Core","Advanced Commodities","Planetary Commodities",1179090.09
17289,2013-08-27,"Selynne Mardakar's Tag","Criminal Tags","Commodity",1540792.08
23156,2013-08-27,"Serpentis 3D Scanner Gamut","Artifacts and Prototypes","Commodity",8750700.1
23154,2013-08-27,"Serpentis Basic Target Guider","Artifacts and Prototypes","Commodity",5499903.96
17217,2013-08-27,"Serpentis Brass Tag","Criminal Tags","Commodity",6178725.01
12537,2013-08-27,"Serpentis Bronze Tag","Criminal Tags","Commodity",1579591.81
23155,2013-08-27,"Serpentis Complex Target Guider","Artifacts and Prototypes","Commodity",73292.38
17215,2013-08-27,"Serpentis Copper Tag","Criminal Tags","Commodity",99004.63
12541,2013-08-27,"Serpentis Crystal Tag","Criminal Tags","Commodity",10800.94
17216,2013-08-27,"Serpentis Diamond Tag","Criminal Tags","Commodity",6570.02
17219,2013-08-27,"Serpentis Electrum Tag","Criminal Tags","Commodity",2910.54
12539,2013-08-27,"Serpentis Gold Tag","Criminal Tags","Commodity",3600089.99
23157,2013-08-27,"Serpentis Multi-tasking Processor","Artifacts and Prototypes","Commodity",0
17218,2013-08-27,"Serpentis Palladium Tag","Criminal Tags","Commodity",11700
23153,2013-08-27,"Serpentis Plain Target Guider","Artifacts and Prototypes","Commodity",13861
12540,2013-08-27,"Serpentis Platinum Tag","Criminal Tags","Commodity",72000.09
12538,2013-08-27,"Serpentis Silver Tag","Criminal Tags","Commodity",117007.2
17292,2013-08-27,"Setele Schellan's Tag","Criminal Tags","Commodity",21092.38
17262,2013-08-27,"Shadow Serpentis Brass Tag","Criminal Tags","Commodity",4590
17263,2013-08-27,"Shadow Serpentis Bronze Tag","Criminal Tags","Commodity",317366.97
17264,2013-08-27,"Shadow Serpentis Copper Tag","Criminal Tags","Commodity",8238.58
17266,2013-08-27,"Shadow Serpentis Crystal Tag","Criminal Tags","Commodity",9900.91
17267,2013-08-27,"Shadow Serpentis Diamond Tag","Criminal Tags","Commodity",4681.8
17268,2013-08-27,"Shadow Serpentis Electrum Tag","Criminal Tags","Commodity",0
17270,2013-08-27,"Shadow Serpentis Gold Tag","Criminal Tags","Commodity",79205.48
17269,2013-08-27,"Shadow Serpentis Palladium Tag","Criminal Tags","Commodity",19025.1
17271,2013-08-27,"Shadow Serpentis Platinum Tag","Criminal Tags","Commodity",1800009.23
17272,2013-08-27,"Shadow Serpentis Silver Tag","Criminal Tags","Commodity",4506.36
15668,2013-08-27,"Shaqil Dragat's Insignia","Empire Insignia Drops","Commodity",225001.54
17432,2013-08-27,"Sharp Crokite","Crokite","Asteroid",0
11732,2013-08-27,"Sheen Compound","Refinables","Commodity",906.33
18657,2013-08-27,"Shimon Jaen's Insignia","Empire Insignia Drops","Commodity",0
3697,2013-08-27,"Silicate Glass","Refined Commodities","Planetary Commodities",4455.06
16636,2013-08-27,"Silicates","Moon Materials","Material",473.23
9828,2013-08-27,"Silicon","Basic Commodities","Planetary Commodities",428.97
16658,2013-08-27,"Silicon Diborite","Intermediate Materials","Material",1233
17867,2013-08-27,"Silvery Omber","Omber","Asteroid",72.2
25614,2013-08-27,"Single-crystal Superalloy I-beam","Salvaged Materials","Material",297018
12049,2013-08-27,"Slaver","Livestock","Commodity",1351.42
3723,2013-08-27,"Slaver Hound","Livestock","Commodity",205.58
3721,2013-08-27,"Slaves","Livestock","Commodity",373.56
21585,2013-08-27,"Sleeper Cryo Batteries","Materials and Compounds","Commodity",13680000
21572,2013-08-27,"Sleeper Data Crystals","Decryptors - Sleepers","Commodity",0
21568,2013-08-27,"Sleeper Data Interface Protocol","Decryptors - Sleepers","Commodity",0
30745,2013-08-27,"Sleeper Data Library","Sleeper Components","Commodity",178269.12
30747,2013-08-27,"Sleeper Drone AI Nexus","Sleeper Components","Commodity",4460400.06
20110,2013-08-27,"Sleeper Foundation Block","Materials and Compounds","Commodity",3600991.06
21721,2013-08-27,"Sleeper Heat Nullifying Coil","Artifacts and Prototypes","Commodity",0
21719,2013-08-27,"Sleeper Hyperbooster","Artifacts and Prototypes","Commodity",9000000.01
21570,2013-08-27,"Sleeper Manuscripts","Decryptors - Sleepers","Commodity",0
21584,2013-08-27,"Sleeper Micro Circuits","Materials and Compounds","Commodity",0
21722,2013-08-27,"Sleeper Nanite Cluster","Artifacts and Prototypes","Commodity",286199.1
21569,2013-08-27,"Sleeper Profound Research Notes","Decryptors - Sleepers","Commodity",81675000.01
21723,2013-08-27,"Sleeper Reintegration Control","Artifacts and Prototypes","Commodity",180090.03
21073,2013-08-27,"Sleeper Split Cables","Materials and Compounds","Commodity",27001.8
21571,2013-08-27,"Sleeper Technical Schematics","Decryptors - Sleepers","Commodity",0
21720,2013-08-27,"Sleeper Thermal Regulator","Artifacts and Prototypes","Commodity",171900.03
21586,2013-08-27,"Sleeper Virtual Energizer","Materials and Compounds","Commodity",93599.1
9844,2013-08-27,"Small Arms","General","Commodity",281.29
2351,2013-08-27,"Smartfab Units","Specialized Commodities","Planetary Commodities",45003.21
25593,2013-08-27,"Smashed Trigger Unit","Salvaged Materials","Material",180.01
17977,2013-08-27,"Smooth Glacial Mass","Ice","Asteroid",49500.9
3643,2013-08-27,"Soil","General","Commodity",90.82
16664,2013-08-27,"Solerium","Intermediate Materials","Material",4149.02
17459,2013-08-27,"Solid Pyroxeres","Pyroxeres","Asteroid",48.43
3820,2013-08-27,"Sooth Sayer","Drugs","Commodity",98.69
21588,2013-08-27,"Spare Parts","Materials and Compounds","Commodity",995.28
33195,2013-08-27,"Spatial Attunement Unit","Construction Components","Commodity",104602.39
42,2013-08-27,"Spiced Wine","General","Commodity",900
9850,2013-08-27,"Spirits","General","Commodity",210.96
19,2013-08-27,"Spodumain","Spodumain","Asteroid",2340.38
21947,2013-08-27,"Station Construction Parts","Station Components","Commodity",2070000
21961,2013-08-27,"Station Docking Bay","Station Components","Commodity",18000000.03
21955,2013-08-27,"Station Factory","Station Components","Commodity",18990000
21949,2013-08-27,"Station Hangar Array","Station Components","Commodity",5400000.05
21953,2013-08-27,"Station Laboratory","Station Components","Commodity",12600000.01
21963,2013-08-27,"Station Market Network","Station Components","Commodity",23400000.91
21965,2013-08-27,"Station Medical Center","Station Components","Commodity",25200001.81
21969,2013-08-27,"Station Mission Network","Station Components","Commodity",1.8e+07
21967,2013-08-27,"Station Office Center","Station Components","Commodity",18900000
21957,2013-08-27,"Station Repair Facility","Station Components","Commodity",16200000
21959,2013-08-27,"Station Reprocessing Plant","Station Components","Commodity",14400002.76
21951,2013-08-27,"Station Storage Bay","Station Components","Commodity",31950000
2875,2013-08-27,"Sterile Conduits","Advanced Commodities","Planetary Commodities",823508.15
16275,2013-08-27,"Strontium Clathrates","Ice Product","Material",331.34
16661,2013-08-27,"Sulfuric Acid","Intermediate Materials","Material",505.72
2349,2013-08-27,"Supercomputers","Specialized Commodities","Planetary Commodities",54006.31
11690,2013-08-27,"Superconductor Rails","Construction Components","Commodity",17190.03
9838,2013-08-27,"Superconductors","Refined Commodities","Planetary Commodities",5359.56
2312,2013-08-27,"Supertensile Plastics","Refined Commodities","Planetary Commodities",7169.76
11558,2013-08-27,"Sustained Shield Emitter","Construction Components","Commodity",22500.27
16678,2013-08-27,"Sylramic Fibers","Composite","Material",217.09
11944,2013-08-27,"Synthetic Coffee","Miscellaneous","Commodity",1528.65
3691,2013-08-27,"Synthetic Oil","Refined Commodities","Planetary Commodities",3840.19
2346,2013-08-27,"Synthetic Synapses","Specialized Commodities","Planetary Commodities",46824.25
17302,2013-08-27,"Tairei Namazoth's Tag","Criminal Tags","Commodity",1305199.96
23177,2013-08-27,"Takmahl Astral Treatment","Decryptors - Takmahl","Commodity",0
23173,2013-08-27,"Takmahl Binary Texts","Decryptors - Takmahl","Commodity",0
23136,2013-08-27,"Takmahl Biodroid Controller","Artifacts and Prototypes","Commodity",0
23175,2013-08-27,"Takmahl Centrifugal Primer","Decryptors - Takmahl","Commodity",0
23144,2013-08-27,"Takmahl Cohere Cord","Materials and Compounds","Commodity",131494.5
23143,2013-08-27,"Takmahl Diamond Rod","Materials and Compounds","Commodity",0
23134,2013-08-27,"Takmahl Dynamic Gauge","Artifacts and Prototypes","Commodity",5858289.9
23174,2013-08-27,"Takmahl Fractal Sheet","Decryptors - Takmahl","Commodity",52199.79
23176,2013-08-27,"Takmahl Geometric Design","Decryptors - Takmahl","Commodity",0
23135,2013-08-27,"Takmahl Gyro Ballast","Artifacts and Prototypes","Commodity",0
23146,2013-08-27,"Takmahl Magnetic Slab","Materials and Compounds","Commodity",0
23133,2013-08-27,"Takmahl Phrenic Appendix","Artifacts and Prototypes","Commodity",6210000.9
23137,2013-08-27,"Takmahl Quantum Sphere","Artifacts and Prototypes","Commodity",0
23145,2013-08-27,"Takmahl Solid Mox","Materials and Compounds","Commodity",180000.01
23147,2013-08-27,"Takmahl Tri-polished Lens","Materials and Compounds","Commodity",0
21085,2013-08-27,"Talocan Automation Accounts","Decryptors - Talocan","Commodity",414000.28
21089,2013-08-27,"Talocan Ignition Device","Materials and Compounds","Commodity",247500
21077,2013-08-27,"Talocan Info Shards","Decryptors - Talocan","Commodity",9000.93
21087,2013-08-27,"Talocan Intricate Formulas","Decryptors - Talocan","Commodity",1485990.18
21084,2013-08-27,"Talocan Mathematical Schematics","Decryptors - Talocan","Commodity",87300.02
21081,2013-08-27,"Talocan Mechanical Gears","Materials and Compounds","Commodity",157500.98
21075,2013-08-27,"Talocan Molecule Binder","Materials and Compounds","Commodity",0
21086,2013-08-27,"Talocan Partition Plates","Materials and Compounds","Commodity",450000.4
21079,2013-08-27,"Talocan Perpetual Clock","Artifacts and Prototypes","Commodity",142212.72
21078,2013-08-27,"Talocan Reflective Sheets","Materials and Compounds","Commodity",1415700.2
21074,2013-08-27,"Talocan Sketch Books","Decryptors - Talocan","Commodity",76519.83
21080,2013-08-27,"Talocan Solid Atomizer","Artifacts and Prototypes","Commodity",0
21088,2013-08-27,"Talocan Stasis Deflector","Artifacts and Prototypes","Commodity",101295000.01
21076,2013-08-27,"Talocan Stasis Inverter","Artifacts and Prototypes","Commodity",3150054
21082,2013-08-27,"Talocan System Interface Unit","Artifacts and Prototypes","Commodity",3782070.01
25594,2013-08-27,"Tangled Power Conduit","Salvaged Materials","Material",225
16649,2013-08-27,"Technetium","Moon Materials","Material",11322.15
25607,2013-08-27,"Telemetry Processor","Salvaged Materials","Material",6840.23
15638,2013-08-27,"Terachi Tash-Murkon's Insignia","Empire Insignia Drops","Commodity",133072.19
33360,2013-08-27,"Terahertz Metamaterials","Composite","Material",8200.18
11554,2013-08-27,"Tesseract Capacitor Unit","Construction Components","Commodity",25199.99
2319,2013-08-27,"Test Cultures","Refined Commodities","Planetary Commodities",3542.45
12302,2013-08-27,"Test Dummies","Miscellaneous","Commodity",48.58
30252,2013-08-27,"Thermoelectric Catalysts","Ancient Salvage","Material",630
11691,2013-08-27,"Thermonuclear Trigger Unit","Construction Components","Commodity",18540.09
17975,2013-08-27,"Thick Blue Ice","Ice","Asteroid",270000
17297,2013-08-27,"Thon Eney's Tag","Criminal Tags","Commodity",900300.58
25602,2013-08-27,"Thruster Console","Salvaged Materials","Material",180
16653,2013-08-27,"Thulium","Moon Materials","Material",15120.51
33336,2013-08-27,"Thulium Hafnite","Intermediate Materials","Material",15300.11
16638,2013-08-27,"Titanium","Moon Materials","Material",1135.96
16671,2013-08-27,"Titanium Carbide","Composite","Material",119.19
16654,2013-08-27,"Titanium Chromide","Intermediate Materials","Material",2529.22
11544,2013-08-27,"Titanium Diborite Armor Plate","Construction Components","Commodity",7201
9852,2013-08-27,"Tobacco","General","Commodity",53.41
17303,2013-08-27,"Tobias Kruzhor's Tag","Criminal Tags","Commodity",0
3719,2013-08-27,"Tourists","Livestock","Commodity",360.92
2400,2013-08-27,"Toxic Metals","Basic Commodities","Planetary Commodities",238.55
3729,2013-08-27,"Toxic Waste","Radioactive","Commodity",902.03
12836,2013-08-27,"Transcranial Microcontrollers","Specialized Commodities","Planetary Commodities",28130.59
9840,2013-08-27,"Transmitter","Refined Commodities","Planetary Commodities",7425.94
17428,2013-08-27,"Triclinic Bistot","Bistot","Asteroid",3240
25612,2013-08-27,"Trigger Unit","Salvaged Materials","Material",36200.81
25598,2013-08-27,"Tripped Power Circuit","Salvaged Materials","Material",111600
34,2013-08-27,"Tritanium","Mineral","Material",4.3
17252,2013-08-27,"True Sansha Brass Tag","Criminal Tags","Commodity",72902.51
17253,2013-08-27,"True Sansha Bronze Tag","Criminal Tags","Commodity",0
17254,2013-08-27,"True Sansha Copper Tag","Criminal Tags","Commodity",0
17255,2013-08-27,"True Sansha Crystal Tag","Criminal Tags","Commodity",36019.99
17256,2013-08-27,"True Sansha Diamond Tag","Criminal Tags","Commodity",11273.4
17257,2013-08-27,"True Sansha Electrum Tag","Criminal Tags","Commodity",0
17258,2013-08-27,"True Sansha Gold Tag","Criminal Tags","Commodity",225016.28
17259,2013-08-27,"True Sansha Palladium Tag","Criminal Tags","Commodity",733661.08
17260,2013-08-27,"True Sansha Platinum Tag","Criminal Tags","Commodity",4950005.43
17261,2013-08-27,"True Sansha Silver Tag","Criminal Tags","Commodity",45900.9
16637,2013-08-27,"Tungsten","Moon Materials","Material",687.6
16672,2013-08-27,"Tungsten Carbide","Composite","Material",105.07
11543,2013-08-27,"Tungsten Carbide Armor Plate","Construction Components","Commodity",7561.03
17293,2013-08-27,"Tuvan Orth's Tag","Criminal Tags","Commodity",0
17136,2013-08-27,"Ukomi Superconductors","Specialized Commodities","Planetary Commodities",34201.8
17743,2013-08-27,"Uleen Bloodsworn's Tag","Criminal Tags","Commodity",0
12995,2013-08-27,"Ultra! Promotional holoreel","Miscellaneous","Commodity",1193893.18
32824,2013-08-27,"Unrefined Caesarium Cadmide","Intermediate Materials","Material",45000.11
32829,2013-08-27,"Unrefined Crystallite Alloy","Intermediate Materials","Material",0
29660,2013-08-27,"Unrefined Dysporite","Intermediate Materials","Material",91246.11
32828,2013-08-27,"Unrefined Fernite Alloy","Intermediate Materials","Material",0
29663,2013-08-27,"Unrefined Ferrofluid","Intermediate Materials","Material",0
29659,2013-08-27,"Unrefined Fluxed Condensates","Intermediate Materials","Material",225576.93
32825,2013-08-27,"Unrefined Hexite","Intermediate Materials","Material",4499.91
29664,2013-08-27,"Unrefined Hyperflurite","Intermediate Materials","Material",0
29661,2013-08-27,"Unrefined Neo Mercurite","Intermediate Materials","Material",540072.9
32822,2013-08-27,"Unrefined Platinum Technite","Intermediate Materials","Material",270000.01
33338,2013-08-27,"Unrefined Promethium Mercurite","Intermediate Materials","Material",0
29662,2013-08-27,"Unrefined Prometium","Intermediate Materials","Material",232722.01
32826,2013-08-27,"Unrefined Rolled Tungsten Alloy","Intermediate Materials","Material",0
32823,2013-08-27,"Unrefined Solerium","Intermediate Materials","Material",0
33339,2013-08-27,"Unrefined Thulium Hafnite","Intermediate Materials","Material",539999.95
32827,2013-08-27,"Unrefined Titanium Chromide","Intermediate Materials","Material",0
32821,2013-08-27,"Unrefined Vanadium Hafnite","Intermediate Materials","Material",45268.15
28974,2013-08-27,"Vaccines","Specialized Commodities","Planetary Commodities",36990.1
16642,2013-08-27,"Vanadium","Moon Materials","Material",2520.26
17959,2013-08-27,"Vanadium Hafnite","Intermediate Materials","Material",7381.22
1230,2013-08-27,"Veldspar","Veldspar","Asteroid",12.56
17296,2013-08-27,"Vepas Minimala's Tag","Criminal Tags","Commodity",2880000.02
25278,2013-08-27,"Vermillion Cytoserocin","Harvestable Cloud","Celestial",47702.3
28700,2013-08-27,"Vermillion Mykoserocin","Harvestable Cloud","Celestial",6840
3775,2013-08-27,"Viral Agent","Refined Commodities","Planetary Commodities",5955.68
17756,2013-08-27,"Virgin Forest Pulp","Miscellaneous","Commodity",8100090.14
25274,2013-08-27,"Viridian Cytoserocin","Harvestable Cloud","Celestial",55800.95
28701,2013-08-27,"Viridian Mykoserocin","Harvestable Cloud","Celestial",9450.01
17460,2013-08-27,"Viscous Pyroxeres","Pyroxeres","Asteroid",48.4
3713,2013-08-27,"Vitoc","Drugs","Commodity",4158.06
17870,2013-08-27,"Vitreous Mercoxit","Mercoxit","Asteroid",0
17440,2013-08-27,"Vitric Hedbergite","Hedbergite","Asteroid",627.17
17444,2013-08-27,"Vivid Hemorphite","Hemorphite","Asteroid",630.71
17288,2013-08-27,"Vizan Ankonin's Tag","Criminal Tags","Commodity",0
25606,2013-08-27,"Ward Console","Salvaged Materials","Material",9900.39
29994,2013-08-27,"Warfare Computation Core","Hybrid Tech Components","Commodity",585000
3645,2013-08-27,"Water","Basic Commodities","Planetary Commodities",207.44
2328,2013-08-27,"Water-Cooled CPU","Refined Commodities","Planetary Commodities",2942.28
2876,2013-08-27,"Wetware Mainframe","Advanced Commodities","Planetary Commodities",1157131.81
3673,2013-08-27,"Wheat","General","Commodity",106
16265,2013-08-27,"White Glaze","Ice","Asteroid",192609.92
3711,2013-08-27,"X-Instinct","Drugs","Commodity",3599.72
23128,2013-08-27,"Yan Jung Crystal Cylinder","Artifacts and Prototypes","Commodity",3834005
23139,2013-08-27,"Yan Jung Glass Scale","Materials and Compounds","Commodity",0
23168,2013-08-27,"Yan Jung Info Matrix","Decryptors - Yan Jung","Commodity",36001.02
23142,2013-08-27,"Yan Jung Nano Fabric","Materials and Compounds","Commodity",0
23138,2013-08-27,"Yan Jung Null Shell","Materials and Compounds","Commodity",55350.99
23129,2013-08-27,"Yan Jung Paradox Box","Artifacts and Prototypes","Commodity",0
23140,2013-08-27,"Yan Jung Plenary Wire","Materials and Compounds","Commodity",0
23171,2013-08-27,"Yan Jung Semiotic Theory","Decryptors - Yan Jung","Commodity",45902.7
23141,2013-08-27,"Yan Jung Silk Armor","Materials and Compounds","Commodity",0
23172,2013-08-27,"Yan Jung Singularity Fact Sheet","Decryptors - Yan Jung","Commodity",0
23132,2013-08-27,"Yan Jung Tachyon Stetoscope","Artifacts and Prototypes","Commodity",0
23130,2013-08-27,"Yan Jung Thunder Kite","Artifacts and Prototypes","Commodity",38389.5
23170,2013-08-27,"Yan Jung Trigonometric Laws","Decryptors - Yan Jung","Commodity",0
23169,2013-08-27,"Yan Jung Vellum Etch","Decryptors - Yan Jung","Commodity",63990
23131,2013-08-27,"Yan Jung Void Machine","Artifacts and Prototypes","Commodity",361800.01
15637,2013-08-27,"Yeni Sarum's Insignia","Empire Insignia Drops","Commodity",127002.58
18679,2013-08-27,"Zelfarios Kashnostramus's Tag","Criminal Tags","Commodity",497803.49
14358,2013-08-27,"Zemnar","Miscellaneous","Commodity",225.67
17840,2013-08-27,"Zor's DNA","Miscellaneous","Commodity",620100
39,2013-08-27,"Zydrine","Mineral","Material",571.5
